"","ref_date","age.group","indicators","characteristics","uom","value"
"1",2015,"12 to 17 years","Perceived health, very good or excellent","Number of persons","Number",1625500
"2",2016,"12 to 17 years","Perceived health, very good or excellent","Number of persons","Number",1678200
"3",2017,"12 to 17 years","Perceived health, very good or excellent","Number of persons","Number",1690000
"4",2018,"12 to 17 years","Perceived health, very good or excellent","Number of persons","Number",1649700
"5",2019,"12 to 17 years","Perceived health, very good or excellent","Number of persons","Number",1726900
"6",2020,"12 to 17 years","Perceived health, very good or excellent","Number of persons","Number",1810800
"7",2021,"12 to 17 years","Perceived health, very good or excellent","Number of persons","Number",1727900
"8",2022,"12 to 17 years","Perceived health, very good or excellent","Number of persons","Number",1829800
"9",2015,"12 to 17 years","Perceived health, very good or excellent","Percent","Percent",72.9
"10",2016,"12 to 17 years","Perceived health, very good or excellent","Percent","Percent",75.3
"11",2017,"12 to 17 years","Perceived health, very good or excellent","Percent","Percent",75.7
"12",2018,"12 to 17 years","Perceived health, very good or excellent","Percent","Percent",73.4
"13",2019,"12 to 17 years","Perceived health, very good or excellent","Percent","Percent",75.7
"14",2020,"12 to 17 years","Perceived health, very good or excellent","Percent","Percent",76.5
"15",2021,"12 to 17 years","Perceived health, very good or excellent","Percent","Percent",71.9
"16",2022,"12 to 17 years","Perceived health, very good or excellent","Percent","Percent",74.8
"17",2015,"12 to 17 years","Perceived health, fair or poor","Number of persons","Number",76400
"18",2016,"12 to 17 years","Perceived health, fair or poor","Number of persons","Number",80700
"19",2017,"12 to 17 years","Perceived health, fair or poor","Number of persons","Number",85100
"20",2018,"12 to 17 years","Perceived health, fair or poor","Number of persons","Number",77300
"21",2019,"12 to 17 years","Perceived health, fair or poor","Number of persons","Number",89400
"22",2020,"12 to 17 years","Perceived health, fair or poor","Number of persons","Number",75000
"23",2021,"12 to 17 years","Perceived health, fair or poor","Number of persons","Number",118800
"24",2022,"12 to 17 years","Perceived health, fair or poor","Number of persons","Number",111100
"25",2015,"12 to 17 years","Perceived health, fair or poor","Percent","Percent",3.4
"26",2016,"12 to 17 years","Perceived health, fair or poor","Percent","Percent",3.6
"27",2017,"12 to 17 years","Perceived health, fair or poor","Percent","Percent",3.8
"28",2018,"12 to 17 years","Perceived health, fair or poor","Percent","Percent",3.4
"29",2019,"12 to 17 years","Perceived health, fair or poor","Percent","Percent",3.9
"30",2020,"12 to 17 years","Perceived health, fair or poor","Percent","Percent",3.2
"31",2021,"12 to 17 years","Perceived health, fair or poor","Percent","Percent",4.9
"32",2022,"12 to 17 years","Perceived health, fair or poor","Percent","Percent",4.5
"33",2015,"12 to 17 years","Perceived mental health, very good or excellent","Number of persons","Number",1664300
"34",2016,"12 to 17 years","Perceived mental health, very good or excellent","Number of persons","Number",1654500
"35",2017,"12 to 17 years","Perceived mental health, very good or excellent","Number of persons","Number",1613300
"36",2018,"12 to 17 years","Perceived mental health, very good or excellent","Number of persons","Number",1594500
"37",2019,"12 to 17 years","Perceived mental health, very good or excellent","Number of persons","Number",1598100
"38",2020,"12 to 17 years","Perceived mental health, very good or excellent","Number of persons","Number",1570300
"39",2021,"12 to 17 years","Perceived mental health, very good or excellent","Number of persons","Number",1448100
"40",2022,"12 to 17 years","Perceived mental health, very good or excellent","Number of persons","Number",1417900
"41",2015,"12 to 17 years","Perceived mental health, very good or excellent","Percent","Percent",77.9
"42",2016,"12 to 17 years","Perceived mental health, very good or excellent","Percent","Percent",77.4
"43",2017,"12 to 17 years","Perceived mental health, very good or excellent","Percent","Percent",76
"44",2018,"12 to 17 years","Perceived mental health, very good or excellent","Percent","Percent",74.1
"45",2019,"12 to 17 years","Perceived mental health, very good or excellent","Percent","Percent",73
"46",2020,"12 to 17 years","Perceived mental health, very good or excellent","Percent","Percent",68.6
"47",2021,"12 to 17 years","Perceived mental health, very good or excellent","Percent","Percent",62.3
"48",2022,"12 to 17 years","Perceived mental health, very good or excellent","Percent","Percent",58.1
"49",2015,"12 to 17 years","Perceived mental health, fair or poor","Number of persons","Number",88500
"50",2016,"12 to 17 years","Perceived mental health, fair or poor","Number of persons","Number",94200
"51",2017,"12 to 17 years","Perceived mental health, fair or poor","Number of persons","Number",123500
"52",2018,"12 to 17 years","Perceived mental health, fair or poor","Number of persons","Number",144700
"53",2019,"12 to 17 years","Perceived mental health, fair or poor","Number of persons","Number",132000
"54",2020,"12 to 17 years","Perceived mental health, fair or poor","Number of persons","Number",190200
"55",2021,"12 to 17 years","Perceived mental health, fair or poor","Number of persons","Number",276900
"56",2022,"12 to 17 years","Perceived mental health, fair or poor","Number of persons","Number",358600
"57",2015,"12 to 17 years","Perceived mental health, fair or poor","Percent","Percent",4.1
"58",2016,"12 to 17 years","Perceived mental health, fair or poor","Percent","Percent",4.4
"59",2017,"12 to 17 years","Perceived mental health, fair or poor","Percent","Percent",5.8
"60",2018,"12 to 17 years","Perceived mental health, fair or poor","Percent","Percent",6.7
"61",2019,"12 to 17 years","Perceived mental health, fair or poor","Percent","Percent",6
"62",2020,"12 to 17 years","Perceived mental health, fair or poor","Percent","Percent",8.3
"63",2021,"12 to 17 years","Perceived mental health, fair or poor","Percent","Percent",11.9
"64",2022,"12 to 17 years","Perceived mental health, fair or poor","Percent","Percent",14.7
"65",2015,"12 to 17 years","Perceived life stress, most days quite a bit or extremely stressful","Number of persons","Number",270000
"66",2016,"12 to 17 years","Perceived life stress, most days quite a bit or extremely stressful","Number of persons","Number",280200
"67",2017,"12 to 17 years","Perceived life stress, most days quite a bit or extremely stressful","Number of persons","Number",257600
"68",2018,"12 to 17 years","Perceived life stress, most days quite a bit or extremely stressful","Number of persons","Number",309200
"69",2019,"12 to 17 years","Perceived life stress, most days quite a bit or extremely stressful","Number of persons","Number",314200
"70",2020,"12 to 17 years","Perceived life stress, most days quite a bit or extremely stressful","Number of persons","Number",289600
"71",2021,"12 to 17 years","Perceived life stress, most days quite a bit or extremely stressful","Number of persons","Number",348500
"72",2022,"12 to 17 years","Perceived life stress, most days quite a bit or extremely stressful","Number of persons","Number",390100
"73",2015,"12 to 17 years","Perceived life stress, most days quite a bit or extremely stressful","Percent","Percent",12.1
"74",2016,"12 to 17 years","Perceived life stress, most days quite a bit or extremely stressful","Percent","Percent",12.6
"75",2017,"12 to 17 years","Perceived life stress, most days quite a bit or extremely stressful","Percent","Percent",11.6
"76",2018,"12 to 17 years","Perceived life stress, most days quite a bit or extremely stressful","Percent","Percent",13.8
"77",2019,"12 to 17 years","Perceived life stress, most days quite a bit or extremely stressful","Percent","Percent",13.8
"78",2020,"12 to 17 years","Perceived life stress, most days quite a bit or extremely stressful","Percent","Percent",12.3
"79",2021,"12 to 17 years","Perceived life stress, most days quite a bit or extremely stressful","Percent","Percent",14.5
"80",2022,"12 to 17 years","Perceived life stress, most days quite a bit or extremely stressful","Percent","Percent",16.4
"81",2015,"12 to 17 years","Body mass index, self-reported, youth (12 to 17 years old), overweight or obese","Number of persons","Number",437000
"82",2016,"12 to 17 years","Body mass index, self-reported, youth (12 to 17 years old), overweight or obese","Number of persons","Number",496600
"83",2017,"12 to 17 years","Body mass index, self-reported, youth (12 to 17 years old), overweight or obese","Number of persons","Number",506900
"84",2018,"12 to 17 years","Body mass index, self-reported, youth (12 to 17 years old), overweight or obese","Number of persons","Number",428900
"85",2019,"12 to 17 years","Body mass index, self-reported, youth (12 to 17 years old), overweight or obese","Number of persons","Number",456900
"86",2020,"12 to 17 years","Body mass index, self-reported, youth (12 to 17 years old), overweight or obese","Number of persons","Number",453900
"87",2021,"12 to 17 years","Body mass index, self-reported, youth (12 to 17 years old), overweight or obese","Number of persons","Number",567700
"88",2022,"12 to 17 years","Body mass index, self-reported, youth (12 to 17 years old), overweight or obese","Number of persons","Number",673100
"89",2015,"12 to 17 years","Body mass index, self-reported, youth (12 to 17 years old), overweight or obese","Percent","Percent",24.5
"90",2016,"12 to 17 years","Body mass index, self-reported, youth (12 to 17 years old), overweight or obese","Percent","Percent",26.8
"91",2017,"12 to 17 years","Body mass index, self-reported, youth (12 to 17 years old), overweight or obese","Percent","Percent",27.9
"92",2018,"12 to 17 years","Body mass index, self-reported, youth (12 to 17 years old), overweight or obese","Percent","Percent",23.7
"93",2019,"12 to 17 years","Body mass index, self-reported, youth (12 to 17 years old), overweight or obese","Percent","Percent",24.5
"94",2020,"12 to 17 years","Body mass index, self-reported, youth (12 to 17 years old), overweight or obese","Percent","Percent",23.2
"95",2021,"12 to 17 years","Body mass index, self-reported, youth (12 to 17 years old), overweight or obese","Percent","Percent",27.2
"96",2022,"12 to 17 years","Body mass index, self-reported, youth (12 to 17 years old), overweight or obese","Percent","Percent",30.1
"97",2015,"12 to 17 years","Arthritis (15 years and over)","Number of persons","Number",8000
"98",2016,"12 to 17 years","Arthritis (15 years and over)","Number of persons","Number",17600
"99",2017,"12 to 17 years","Arthritis (15 years and over)","Number of persons","Number",6200
"100",2018,"12 to 17 years","Arthritis (15 years and over)","Number of persons","Number",13500
"101",2019,"12 to 17 years","Arthritis (15 years and over)","Number of persons","Number",NA
"102",2020,"12 to 17 years","Arthritis (15 years and over)","Number of persons","Number",NA
"103",2021,"12 to 17 years","Arthritis (15 years and over)","Number of persons","Number",NA
"104",2022,"12 to 17 years","Arthritis (15 years and over)","Number of persons","Number",NA
"105",2015,"12 to 17 years","Arthritis (15 years and over)","Percent","Percent",0.7
"106",2016,"12 to 17 years","Arthritis (15 years and over)","Percent","Percent",1.6
"107",2017,"12 to 17 years","Arthritis (15 years and over)","Percent","Percent",0.6
"108",2018,"12 to 17 years","Arthritis (15 years and over)","Percent","Percent",1.3
"109",2019,"12 to 17 years","Arthritis (15 years and over)","Percent","Percent",NA
"110",2020,"12 to 17 years","Arthritis (15 years and over)","Percent","Percent",NA
"111",2021,"12 to 17 years","Arthritis (15 years and over)","Percent","Percent",NA
"112",2022,"12 to 17 years","Arthritis (15 years and over)","Percent","Percent",0.5
"113",2015,"12 to 17 years","Diabetes","Number of persons","Number",11900
"114",2016,"12 to 17 years","Diabetes","Number of persons","Number",9800
"115",2017,"12 to 17 years","Diabetes","Number of persons","Number",13200
"116",2018,"12 to 17 years","Diabetes","Number of persons","Number",12000
"117",2019,"12 to 17 years","Diabetes","Number of persons","Number",15400
"118",2020,"12 to 17 years","Diabetes","Number of persons","Number",NA
"119",2021,"12 to 17 years","Diabetes","Number of persons","Number",7600
"120",2022,"12 to 17 years","Diabetes","Number of persons","Number",NA
"121",2015,"12 to 17 years","Diabetes","Percent","Percent",0.5
"122",2016,"12 to 17 years","Diabetes","Percent","Percent",0.4
"123",2017,"12 to 17 years","Diabetes","Percent","Percent",0.6
"124",2018,"12 to 17 years","Diabetes","Percent","Percent",0.5
"125",2019,"12 to 17 years","Diabetes","Percent","Percent",0.7
"126",2020,"12 to 17 years","Diabetes","Percent","Percent",NA
"127",2021,"12 to 17 years","Diabetes","Percent","Percent",0.3
"128",2022,"12 to 17 years","Diabetes","Percent","Percent",0.9
"129",2015,"12 to 17 years","Asthma","Number of persons","Number",236500
"130",2016,"12 to 17 years","Asthma","Number of persons","Number",219900
"131",2017,"12 to 17 years","Asthma","Number of persons","Number",211100
"132",2018,"12 to 17 years","Asthma","Number of persons","Number",211100
"133",2019,"12 to 17 years","Asthma","Number of persons","Number",219400
"134",2020,"12 to 17 years","Asthma","Number of persons","Number",230500
"135",2021,"12 to 17 years","Asthma","Number of persons","Number",NA
"136",2022,"12 to 17 years","Asthma","Number of persons","Number",NA
"137",2015,"12 to 17 years","Asthma","Percent","Percent",10.6
"138",2016,"12 to 17 years","Asthma","Percent","Percent",9.9
"139",2017,"12 to 17 years","Asthma","Percent","Percent",9.5
"140",2018,"12 to 17 years","Asthma","Percent","Percent",9.4
"141",2019,"12 to 17 years","Asthma","Percent","Percent",9.6
"142",2020,"12 to 17 years","Asthma","Percent","Percent",9.8
"143",2021,"12 to 17 years","Asthma","Percent","Percent",NA
"144",2022,"12 to 17 years","Asthma","Percent","Percent",NA
"145",2015,"12 to 17 years","High blood pressure","Number of persons","Number",19400
"146",2016,"12 to 17 years","High blood pressure","Number of persons","Number",12400
"147",2017,"12 to 17 years","High blood pressure","Number of persons","Number",9000
"148",2018,"12 to 17 years","High blood pressure","Number of persons","Number",19300
"149",2019,"12 to 17 years","High blood pressure","Number of persons","Number",10200
"150",2020,"12 to 17 years","High blood pressure","Number of persons","Number",NA
"151",2021,"12 to 17 years","High blood pressure","Number of persons","Number",11100
"152",2022,"12 to 17 years","High blood pressure","Number of persons","Number",NA
"153",2015,"12 to 17 years","High blood pressure","Percent","Percent",0.9
"154",2016,"12 to 17 years","High blood pressure","Percent","Percent",0.6
"155",2017,"12 to 17 years","High blood pressure","Percent","Percent",0.4
"156",2018,"12 to 17 years","High blood pressure","Percent","Percent",0.9
"157",2019,"12 to 17 years","High blood pressure","Percent","Percent",0.4
"158",2020,"12 to 17 years","High blood pressure","Percent","Percent",NA
"159",2021,"12 to 17 years","High blood pressure","Percent","Percent",0.5
"160",2022,"12 to 17 years","High blood pressure","Percent","Percent",0.5
"161",2015,"12 to 17 years","Mood disorder","Number of persons","Number",118200
"162",2016,"12 to 17 years","Mood disorder","Number of persons","Number",102300
"163",2017,"12 to 17 years","Mood disorder","Number of persons","Number",100200
"164",2018,"12 to 17 years","Mood disorder","Number of persons","Number",101700
"165",2019,"12 to 17 years","Mood disorder","Number of persons","Number",111600
"166",2020,"12 to 17 years","Mood disorder","Number of persons","Number",102100
"167",2021,"12 to 17 years","Mood disorder","Number of persons","Number",133200
"168",2022,"12 to 17 years","Mood disorder","Number of persons","Number",189000
"169",2015,"12 to 17 years","Mood disorder","Percent","Percent",5.3
"170",2016,"12 to 17 years","Mood disorder","Percent","Percent",4.6
"171",2017,"12 to 17 years","Mood disorder","Percent","Percent",4.5
"172",2018,"12 to 17 years","Mood disorder","Percent","Percent",4.6
"173",2019,"12 to 17 years","Mood disorder","Percent","Percent",4.9
"174",2020,"12 to 17 years","Mood disorder","Percent","Percent",4.3
"175",2021,"12 to 17 years","Mood disorder","Percent","Percent",5.6
"176",2022,"12 to 17 years","Mood disorder","Percent","Percent",7.8
"177",2015,"12 to 17 years","Current smoker, daily or occasional","Number of persons","Number",92100
"178",2016,"12 to 17 years","Current smoker, daily or occasional","Number of persons","Number",81200
"179",2017,"12 to 17 years","Current smoker, daily or occasional","Number of persons","Number",77200
"180",2018,"12 to 17 years","Current smoker, daily or occasional","Number of persons","Number",70800
"181",2019,"12 to 17 years","Current smoker, daily or occasional","Number of persons","Number",56900
"182",2020,"12 to 17 years","Current smoker, daily or occasional","Number of persons","Number",43000
"183",2021,"12 to 17 years","Current smoker, daily or occasional","Number of persons","Number",27000
"184",2022,"12 to 17 years","Current smoker, daily or occasional","Number of persons","Number",NA
"185",2015,"12 to 17 years","Current smoker, daily or occasional","Percent","Percent",4.1
"186",2016,"12 to 17 years","Current smoker, daily or occasional","Percent","Percent",3.6
"187",2017,"12 to 17 years","Current smoker, daily or occasional","Percent","Percent",3.5
"188",2018,"12 to 17 years","Current smoker, daily or occasional","Percent","Percent",3.2
"189",2019,"12 to 17 years","Current smoker, daily or occasional","Percent","Percent",2.5
"190",2020,"12 to 17 years","Current smoker, daily or occasional","Percent","Percent",1.8
"191",2021,"12 to 17 years","Current smoker, daily or occasional","Percent","Percent",1.1
"192",2022,"12 to 17 years","Current smoker, daily or occasional","Percent","Percent",0.3
"193",2015,"12 to 17 years","Current smoker, daily","Number of persons","Number",37000
"194",2016,"12 to 17 years","Current smoker, daily","Number of persons","Number",38700
"195",2017,"12 to 17 years","Current smoker, daily","Number of persons","Number",25200
"196",2018,"12 to 17 years","Current smoker, daily","Number of persons","Number",19300
"197",2019,"12 to 17 years","Current smoker, daily","Number of persons","Number",10300
"198",2020,"12 to 17 years","Current smoker, daily","Number of persons","Number",11800
"199",2021,"12 to 17 years","Current smoker, daily","Number of persons","Number",NA
"200",2022,"12 to 17 years","Current smoker, daily","Number of persons","Number",NA
"201",2015,"12 to 17 years","Current smoker, daily","Percent","Percent",1.7
"202",2016,"12 to 17 years","Current smoker, daily","Percent","Percent",1.7
"203",2017,"12 to 17 years","Current smoker, daily","Percent","Percent",1.1
"204",2018,"12 to 17 years","Current smoker, daily","Percent","Percent",0.9
"205",2019,"12 to 17 years","Current smoker, daily","Percent","Percent",0.4
"206",2020,"12 to 17 years","Current smoker, daily","Percent","Percent",0.5
"207",2021,"12 to 17 years","Current smoker, daily","Percent","Percent",NA
"208",2022,"12 to 17 years","Current smoker, daily","Percent","Percent",NA
"209",2015,"12 to 17 years","Heavy drinking","Number of persons","Number",90600
"210",2016,"12 to 17 years","Heavy drinking","Number of persons","Number",87900
"211",2017,"12 to 17 years","Heavy drinking","Number of persons","Number",94300
"212",2018,"12 to 17 years","Heavy drinking","Number of persons","Number",77100
"213",2019,"12 to 17 years","Heavy drinking","Number of persons","Number",62100
"214",2020,"12 to 17 years","Heavy drinking","Number of persons","Number",66500
"215",2021,"12 to 17 years","Heavy drinking","Number of persons","Number",81000
"216",2022,"12 to 17 years","Heavy drinking","Number of persons","Number",77900
"217",2015,"12 to 17 years","Heavy drinking","Percent","Percent",4.1
"218",2016,"12 to 17 years","Heavy drinking","Percent","Percent",4
"219",2017,"12 to 17 years","Heavy drinking","Percent","Percent",4.2
"220",2018,"12 to 17 years","Heavy drinking","Percent","Percent",3.4
"221",2019,"12 to 17 years","Heavy drinking","Percent","Percent",2.7
"222",2020,"12 to 17 years","Heavy drinking","Percent","Percent",2.8
"223",2021,"12 to 17 years","Heavy drinking","Percent","Percent",3.4
"224",2022,"12 to 17 years","Heavy drinking","Percent","Percent",3.3
"225",2015,"12 to 17 years","Self-reported physical activity, average 60 minutes per day, youth (12 to 17 years old)","Number of persons","Number",1140600
"226",2016,"12 to 17 years","Self-reported physical activity, average 60 minutes per day, youth (12 to 17 years old)","Number of persons","Number",1180000
"227",2017,"12 to 17 years","Self-reported physical activity, average 60 minutes per day, youth (12 to 17 years old)","Number of persons","Number",1159100
"228",2018,"12 to 17 years","Self-reported physical activity, average 60 minutes per day, youth (12 to 17 years old)","Number of persons","Number",1016700
"229",2019,"12 to 17 years","Self-reported physical activity, average 60 minutes per day, youth (12 to 17 years old)","Number of persons","Number",NA
"230",2020,"12 to 17 years","Self-reported physical activity, average 60 minutes per day, youth (12 to 17 years old)","Number of persons","Number",921300
"231",2021,"12 to 17 years","Self-reported physical activity, average 60 minutes per day, youth (12 to 17 years old)","Number of persons","Number",1007500
"232",2022,"12 to 17 years","Self-reported physical activity, average 60 minutes per day, youth (12 to 17 years old)","Number of persons","Number",NA
"233",2015,"12 to 17 years","Self-reported physical activity, average 60 minutes per day, youth (12 to 17 years old)","Percent","Percent",59.4
"234",2016,"12 to 17 years","Self-reported physical activity, average 60 minutes per day, youth (12 to 17 years old)","Percent","Percent",60.4
"235",2017,"12 to 17 years","Self-reported physical activity, average 60 minutes per day, youth (12 to 17 years old)","Percent","Percent",60
"236",2018,"12 to 17 years","Self-reported physical activity, average 60 minutes per day, youth (12 to 17 years old)","Percent","Percent",55.5
"237",2019,"12 to 17 years","Self-reported physical activity, average 60 minutes per day, youth (12 to 17 years old)","Percent","Percent",NA
"238",2020,"12 to 17 years","Self-reported physical activity, average 60 minutes per day, youth (12 to 17 years old)","Percent","Percent",42.9
"239",2021,"12 to 17 years","Self-reported physical activity, average 60 minutes per day, youth (12 to 17 years old)","Percent","Percent",45.2
"240",2022,"12 to 17 years","Self-reported physical activity, average 60 minutes per day, youth (12 to 17 years old)","Percent","Percent",NA
"241",2015,"12 to 17 years","Sense of belonging to local community, somewhat strong or very strong","Number of persons","Number",1761500
"242",2016,"12 to 17 years","Sense of belonging to local community, somewhat strong or very strong","Number of persons","Number",1799900
"243",2017,"12 to 17 years","Sense of belonging to local community, somewhat strong or very strong","Number of persons","Number",1784300
"244",2018,"12 to 17 years","Sense of belonging to local community, somewhat strong or very strong","Number of persons","Number",1809600
"245",2019,"12 to 17 years","Sense of belonging to local community, somewhat strong or very strong","Number of persons","Number",1868200
"246",2020,"12 to 17 years","Sense of belonging to local community, somewhat strong or very strong","Number of persons","Number",1924000
"247",2021,"12 to 17 years","Sense of belonging to local community, somewhat strong or very strong","Number of persons","Number",1922900
"248",2022,"12 to 17 years","Sense of belonging to local community, somewhat strong or very strong","Number of persons","Number",1896200
"249",2015,"12 to 17 years","Sense of belonging to local community, somewhat strong or very strong","Percent","Percent",83.8
"250",2016,"12 to 17 years","Sense of belonging to local community, somewhat strong or very strong","Percent","Percent",85.4
"251",2017,"12 to 17 years","Sense of belonging to local community, somewhat strong or very strong","Percent","Percent",85.1
"252",2018,"12 to 17 years","Sense of belonging to local community, somewhat strong or very strong","Percent","Percent",85.3
"253",2019,"12 to 17 years","Sense of belonging to local community, somewhat strong or very strong","Percent","Percent",86.5
"254",2020,"12 to 17 years","Sense of belonging to local community, somewhat strong or very strong","Percent","Percent",85.9
"255",2021,"12 to 17 years","Sense of belonging to local community, somewhat strong or very strong","Percent","Percent",83.5
"256",2022,"12 to 17 years","Sense of belonging to local community, somewhat strong or very strong","Percent","Percent",77.7
"257",2015,"12 to 17 years","Life satisfaction, satisfied or very satisfied","Number of persons","Number",2078200
"258",2016,"12 to 17 years","Life satisfaction, satisfied or very satisfied","Number of persons","Number",2086300
"259",2017,"12 to 17 years","Life satisfaction, satisfied or very satisfied","Number of persons","Number",2075600
"260",2018,"12 to 17 years","Life satisfaction, satisfied or very satisfied","Number of persons","Number",2100400
"261",2019,"12 to 17 years","Life satisfaction, satisfied or very satisfied","Number of persons","Number",2144900
"262",2020,"12 to 17 years","Life satisfaction, satisfied or very satisfied","Number of persons","Number",2216900
"263",2021,"12 to 17 years","Life satisfaction, satisfied or very satisfied","Number of persons","Number",2205100
"264",2022,"12 to 17 years","Life satisfaction, satisfied or very satisfied","Number of persons","Number",2217900
"265",2015,"12 to 17 years","Life satisfaction, satisfied or very satisfied","Percent","Percent",97.7
"266",2016,"12 to 17 years","Life satisfaction, satisfied or very satisfied","Percent","Percent",97.6
"267",2017,"12 to 17 years","Life satisfaction, satisfied or very satisfied","Percent","Percent",97.9
"268",2018,"12 to 17 years","Life satisfaction, satisfied or very satisfied","Percent","Percent",97.7
"269",2019,"12 to 17 years","Life satisfaction, satisfied or very satisfied","Percent","Percent",97.8
"270",2020,"12 to 17 years","Life satisfaction, satisfied or very satisfied","Percent","Percent",97
"271",2021,"12 to 17 years","Life satisfaction, satisfied or very satisfied","Percent","Percent",95
"272",2022,"12 to 17 years","Life satisfaction, satisfied or very satisfied","Percent","Percent",90.8
"273",2015,"12 to 17 years","Has a regular healthcare provider","Number of persons","Number",1798400
"274",2016,"12 to 17 years","Has a regular healthcare provider","Number of persons","Number",1795600
"275",2017,"12 to 17 years","Has a regular healthcare provider","Number of persons","Number",1876100
"276",2018,"12 to 17 years","Has a regular healthcare provider","Number of persons","Number",1947500
"277",2019,"12 to 17 years","Has a regular healthcare provider","Number of persons","Number",1940500
"278",2020,"12 to 17 years","Has a regular healthcare provider","Number of persons","Number",1997300
"279",2021,"12 to 17 years","Has a regular healthcare provider","Number of persons","Number",2055900
"280",2022,"12 to 17 years","Has a regular healthcare provider","Number of persons","Number",2170400
"281",2015,"12 to 17 years","Has a regular healthcare provider","Percent","Percent",82.5
"282",2016,"12 to 17 years","Has a regular healthcare provider","Percent","Percent",82.7
"283",2017,"12 to 17 years","Has a regular healthcare provider","Percent","Percent",85.6
"284",2018,"12 to 17 years","Has a regular healthcare provider","Percent","Percent",87.8
"285",2019,"12 to 17 years","Has a regular healthcare provider","Percent","Percent",86.6
"286",2020,"12 to 17 years","Has a regular healthcare provider","Percent","Percent",85.3
"287",2021,"12 to 17 years","Has a regular healthcare provider","Percent","Percent",87
"288",2022,"12 to 17 years","Has a regular healthcare provider","Percent","Percent",89.2
"289",2015,"12 to 17 years","Influenza immunization in the past 12 months","Number of persons","Number",524400
"290",2016,"12 to 17 years","Influenza immunization in the past 12 months","Number of persons","Number",494900
"291",2017,"12 to 17 years","Influenza immunization in the past 12 months","Number of persons","Number",537900
"292",2018,"12 to 17 years","Influenza immunization in the past 12 months","Number of persons","Number",506500
"293",2019,"12 to 17 years","Influenza immunization in the past 12 months","Number of persons","Number",590900
"294",2020,"12 to 17 years","Influenza immunization in the past 12 months","Number of persons","Number",611000
"295",2021,"12 to 17 years","Influenza immunization in the past 12 months","Number of persons","Number",NA
"296",2022,"12 to 17 years","Influenza immunization in the past 12 months","Number of persons","Number",535700
"297",2015,"12 to 17 years","Influenza immunization in the past 12 months","Percent","Percent",26.9
"298",2016,"12 to 17 years","Influenza immunization in the past 12 months","Percent","Percent",25.5
"299",2017,"12 to 17 years","Influenza immunization in the past 12 months","Percent","Percent",28
"300",2018,"12 to 17 years","Influenza immunization in the past 12 months","Percent","Percent",26.2
"301",2019,"12 to 17 years","Influenza immunization in the past 12 months","Percent","Percent",30.4
"302",2020,"12 to 17 years","Influenza immunization in the past 12 months","Percent","Percent",29
"303",2021,"12 to 17 years","Influenza immunization in the past 12 months","Percent","Percent",NA
"304",2022,"12 to 17 years","Influenza immunization in the past 12 months","Percent","Percent",22.1
"305",2022,"Total, 18 years and over","Perceived health, very good or excellent","Number of persons","Number",16415800
"306",2022,"Total, 18 years and over","Perceived health, very good or excellent","Percent","Percent",53.8
"307",2022,"Total, 18 years and over","Perceived health, fair or poor","Number of persons","Number",4436500
"308",2022,"Total, 18 years and over","Perceived health, fair or poor","Percent","Percent",14.5
"309",2022,"Total, 18 years and over","Perceived mental health, very good or excellent","Number of persons","Number",16469200
"310",2022,"Total, 18 years and over","Perceived mental health, very good or excellent","Percent","Percent",54.8
"311",2022,"Total, 18 years and over","Perceived mental health, fair or poor","Number of persons","Number",4331000
"312",2022,"Total, 18 years and over","Perceived mental health, fair or poor","Percent","Percent",14.4
"313",2022,"Total, 18 years and over","Perceived life stress, most days quite a bit or extremely stressful","Number of persons","Number",6781800
"314",2022,"Total, 18 years and over","Perceived life stress, most days quite a bit or extremely stressful","Percent","Percent",22.3
"315",2022,"Total, 18 years and over","Arthritis (15 years and over)","Number of persons","Number",6274700
"316",2022,"Total, 18 years and over","Arthritis (15 years and over)","Percent","Percent",20.6
"317",2022,"Total, 18 years and over","Diabetes","Number of persons","Number",2556700
"318",2022,"Total, 18 years and over","Diabetes","Percent","Percent",8.4
"319",2022,"Total, 18 years and over","Asthma","Number of persons","Number",NA
"320",2022,"Total, 18 years and over","Asthma","Percent","Percent",NA
"321",2022,"Total, 18 years and over","High blood pressure","Number of persons","Number",6143200
"322",2022,"Total, 18 years and over","High blood pressure","Percent","Percent",20.2
"323",2022,"Total, 18 years and over","Mood disorder","Number of persons","Number",3560600
"324",2022,"Total, 18 years and over","Mood disorder","Percent","Percent",11.7
"325",2022,"Total, 18 years and over","Current smoker, daily or occasional","Number of persons","Number",3796900
"326",2022,"Total, 18 years and over","Current smoker, daily or occasional","Percent","Percent",12.5
"327",2022,"Total, 18 years and over","Current smoker, daily","Number of persons","Number",2977800
"328",2022,"Total, 18 years and over","Current smoker, daily","Percent","Percent",9.8
"329",2022,"Total, 18 years and over","Heavy drinking","Number of persons","Number",6390600
"330",2022,"Total, 18 years and over","Heavy drinking","Percent","Percent",21
"331",2022,"Total, 18 years and over","Sense of belonging to local community, somewhat strong or very strong","Number of persons","Number",19039800
"332",2022,"Total, 18 years and over","Sense of belonging to local community, somewhat strong or very strong","Percent","Percent",63.5
"333",2022,"Total, 18 years and over","Life satisfaction, satisfied or very satisfied","Number of persons","Number",26143800
"334",2022,"Total, 18 years and over","Life satisfaction, satisfied or very satisfied","Percent","Percent",86.9
"335",2022,"Total, 18 years and over","Has a regular healthcare provider","Number of persons","Number",26110200
"336",2022,"Total, 18 years and over","Has a regular healthcare provider","Percent","Percent",85.8
"337",2022,"Total, 18 years and over","Influenza immunization in the past 12 months","Number of persons","Number",10566200
"338",2022,"Total, 18 years and over","Influenza immunization in the past 12 months","Percent","Percent",35.2
