"","PLAYER_ID","PLAYER_NAME","PLAYER_LAST_TEAM_ID","PLAYER_LAST_TEAM_ABBREVIATION","AGE","GP","G","FGA_FREQUENCY","FGM","FGA","FG_PCT","EFG_PCT","FG2A_FREQUENCY","FG2M","FG2A","FG2_PCT","FG3A_FREQUENCY","FG3M","FG3A","FG3_PCT"
"1","203999","Nikola Jokic","1610612743","DEN","29","70","61","0.133","74","165","0.448","0.488","0.087","61","108","0.565","0.046","13","57","0.228"
"2","1628973","Jalen Brunson","1610612752","NYK","27","69","58","0.096","56","138","0.406","0.449","0.064","44","92","0.478","0.032","12","46","0.261"
"3","202695","Kawhi Leonard","1610612746","LAC","32","67","58","0.116","59","132","0.447","0.519","0.069","40","79","0.506","0.047","19","53","0.358"
"4","1630162","Anthony Edwards","1610612750","MIN","22","71","56","0.093","50","132","0.379","0.428","0.056","37","79","0.468","0.037","13","53","0.245"
"5","1628369","Jayson Tatum","1610612738","BOS","26","68","58","0.1","49","132","0.371","0.432","0.059","33","78","0.423","0.041","16","54","0.296"
"6","1628368","De'Aaron Fox","1610612758","SAC","26","66","60","0.089","44","121","0.364","0.43","0.049","28","67","0.418","0.04","16","54","0.296"
"7","1631094","Paolo Banchero","1610612753","ORL","21","72","50","0.096","39","120","0.325","0.354","0.067","32","84","0.381","0.029","7","36","0.194"
"8","201942","DeMar DeRozan","1610612741","CHI","34","72","55","0.098","42","118","0.356","0.407","0.058","30","70","0.429","0.04","12","48","0.25"
"9","1628404","Josh Hart","1610612752","NYK","29","73","56","0.193","37","117","0.316","0.363","0.124","26","75","0.347","0.069","11","42","0.262"
"10","1628398","Kyle Kuzma","1610612764","WAS","28","69","52","0.09","36","116","0.31","0.379","0.049","20","64","0.313","0.04","16","52","0.308"
"11","1630178","Tyrese Maxey","1610612755","PHI","23","65","55","0.089","35","116","0.302","0.345","0.057","25","74","0.338","0.032","10","42","0.238"
"12","1629012","Collin Sexton","1610612762","UTA","25","74","57","0.118","47","115","0.409","0.457","0.072","36","70","0.514","0.046","11","45","0.244"
"13","1630532","Franz Wagner","1610612753","ORL","22","66","53","0.113","48","114","0.421","0.482","0.069","34","69","0.493","0.045","14","45","0.311"
"14","203944","Julius Randle","1610612752","NYK","29","46","40","0.131","43","108","0.398","0.449","0.089","32","74","0.432","0.041","11","34","0.324"
"15","1628970","Miles Bridges","1610612766","CHA","26","62","53","0.097","39","107","0.364","0.444","0.045","22","50","0.44","0.052","17","57","0.298"
"16","202331","Paul George","1610612746","LAC","33","67","57","0.093","44","105","0.419","0.524","0.042","22","47","0.468","0.052","22","58","0.379"
"17","1629632","Coby White","1610612741","CHI","24","71","52","0.097","38","105","0.362","0.462","0.046","17","50","0.34","0.051","21","55","0.382"
"18","1627832","Fred VanVleet","1610612745","HOU","30","67","50","0.116","28","105","0.267","0.329","0.045","15","41","0.366","0.071","13","64","0.203"
"19","1627742","Brandon Ingram","1610612740","NOP","26","62","49","0.105","41","104","0.394","0.438","0.066","32","66","0.485","0.038","9","38","0.237"
"20","203954","Joel Embiid","1610612755","PHI","30","34","34","0.138","34","104","0.327","0.351","0.095","29","72","0.403","0.042","5","32","0.156"
"21","1629029","Luka Doncic","1610612742","DAL","25","64","50","0.068","41","103","0.398","0.485","0.029","23","44","0.523","0.039","18","59","0.305"
"22","201142","Kevin Durant","1610612756","PHX","35","66","42","0.081","46","102","0.451","0.49","0.059","38","74","0.514","0.022","8","28","0.286"
"23","1630224","Jalen Green","1610612745","HOU","22","74","53","0.085","37","102","0.363","0.451","0.033","19","40","0.475","0.052","18","62","0.29"
"24","203471","Dennis Schroder","1610612751","BKN","30","74","50","0.119","33","102","0.324","0.382","0.064","21","55","0.382","0.055","12","47","0.255"
"25","1630560","Cam Thomas","1610612751","BKN","22","57","50","0.101","33","102","0.324","0.382","0.058","21","58","0.362","0.044","12","44","0.273"
"26","1628378","Donovan Mitchell","1610612739","CLE","27","51","47","0.1","38","101","0.376","0.455","0.055","22","56","0.393","0.044","16","45","0.356"
"27","202710","Jimmy Butler","1610612748","MIA","34","52","44","0.144","39","100","0.39","0.44","0.101","29","70","0.414","0.043","10","30","0.333"
"28","1626164","Devin Booker","1610612756","PHX","27","59","41","0.088","28","100","0.28","0.31","0.054","22","61","0.361","0.034","6","39","0.154"
"29","1629636","Darius Garland","1610612739","CLE","24","51","43","0.133","42","99","0.424","0.52","0.06","23","45","0.511","0.072","19","54","0.352"
"30","202699","Tobias Harris","1610612755","PHI","31","66","44","0.109","46","98","0.469","0.536","0.079","33","71","0.465","0.03","13","27","0.481"
"31","1628991","Jaren Jackson Jr.","1610612763","MEM","24","64","51","0.088","36","98","0.367","0.398","0.059","30","66","0.455","0.029","6","32","0.188"
"32","1628389","Bam Adebayo","1610612748","MIA","26","62","47","0.109","34","98","0.347","0.352","0.099","33","89","0.371","0.01","1","9","0.111"
"33","1628969","Mikal Bridges","1610612751","BKN","27","73","56","0.082","34","98","0.347","0.408","0.051","22","61","0.361","0.031","12","37","0.324"
"34","1627750","Jamal Murray","1610612743","DEN","27","52","42","0.113","35","97","0.361","0.433","0.069","21","59","0.356","0.044","14","38","0.368"
"35","1627747","Caris LeVert","1610612739","CLE","29","62","51","0.13","35","97","0.361","0.438","0.06","20","45","0.444","0.07","15","52","0.288"
"36","2544","LeBron James","1610612747","LAL","39","64","47","0.085","35","96","0.365","0.396","0.059","29","66","0.439","0.027","6","30","0.2"
"37","1630175","Cole Anthony","1610612753","ORL","23","73","52","0.136","31","95","0.326","0.368","0.077","23","54","0.426","0.059","8","41","0.195"
"38","1630559","Austin Reaves","1610612747","LAL","25","74","50","0.113","25","95","0.263","0.311","0.055","16","46","0.348","0.058","9","49","0.184"
"39","202704","Reggie Jackson","1610612743","DEN","33","73","51","0.14","33","93","0.355","0.403","0.083","24","55","0.436","0.057","9","38","0.237"
"40","1630578","Alperen Sengun","1610612745","HOU","21","63","49","0.094","47","92","0.511","0.538","0.073","42","72","0.583","0.02","5","20","0.25"
"41","1629014","Anfernee Simons","1610612757","POR","24","45","38","0.111","32","91","0.352","0.396","0.066","24","54","0.444","0.045","8","37","0.216"
"42","1629027","Trae Young","1610612737","ATL","25","51","44","0.093","32","91","0.352","0.429","0.049","18","48","0.375","0.044","14","43","0.326"
"43","1630567","Scottie Barnes","1610612761","TOR","22","60","44","0.096","37","90","0.411","0.472","0.062","26","58","0.448","0.034","11","32","0.344"
"44","1628370","Malik Monk","1610612758","SAC","26","72","52","0.101","28","90","0.311","0.406","0.043","11","38","0.289","0.058","17","52","0.327"
"45","203903","Jordan Clarkson","1610612762","UTA","31","54","45","0.112","19","89","0.213","0.247","0.053","13","42","0.31","0.059","6","47","0.128"
"46","1628983","Shai Gilgeous-Alexander","1610612760","OKC","25","71","49","0.061","38","87","0.437","0.454","0.048","35","68","0.515","0.013","3","19","0.158"
"47","203507","Giannis Antetokounmpo","1610612749","MIL","29","69","49","0.066","39","86","0.453","0.465","0.056","37","73","0.507","0.01","2","13","0.154"
"48","1628978","Donte DiVincenzo","1610612752","NYK","27","73","50","0.098","29","86","0.337","0.424","0.039","14","34","0.412","0.059","15","52","0.288"
"49","1641764","Brandin Podziemski","1610612744","GSW","21","65","47","0.164","29","86","0.337","0.372","0.115","23","60","0.383","0.05","6","26","0.231"
"50","1630595","Cade Cunningham","1610612765","DET","22","60","47","0.076","33","85","0.388","0.459","0.041","21","46","0.457","0.035","12","39","0.308"
"51","1627783","Pascal Siakam","1610612754","IND","29","73","48","0.073","28","85","0.329","0.371","0.047","21","54","0.389","0.027","7","31","0.226"
"52","203081","Damian Lillard","1610612749","MIL","33","68","45","0.071","25","85","0.294","0.359","0.034","14","41","0.341","0.037","11","44","0.25"
"53","201935","James Harden","1610612746","LAC","34","66","45","0.11","27","83","0.325","0.452","0.024","6","18","0.333","0.086","21","65","0.323"
"54","1629640","Keldon Johnson","1610612759","SAS","24","67","49","0.098","34","82","0.415","0.482","0.049","23","41","0.561","0.049","11","41","0.268"
"55","203076","Anthony Davis","1610612747","LAL","31","69","49","0.07","34","81","0.42","0.438","0.055","31","64","0.484","0.015","3","17","0.176"
"56","1627759","Jaylen Brown","1610612738","BOS","27","65","45","0.069","32","80","0.4","0.45","0.04","24","46","0.522","0.029","8","34","0.235"
"57","1631114","Jalen Williams","1610612760","OKC","22","67","50","0.083","39","79","0.494","0.57","0.055","27","52","0.519","0.028","12","27","0.444"
"58","203924","Jerami Grant","1610612757","POR","30","54","40","0.093","31","79","0.392","0.449","0.066","22","56","0.393","0.027","9","23","0.391"
"59","1626179","Terry Rozier","1610612748","MIA","30","57","38","0.084","30","79","0.38","0.437","0.044","21","42","0.5","0.039","9","37","0.243"
"60","1628374","Lauri Markkanen","1610612762","UTA","26","55","39","0.089","27","79","0.342","0.405","0.044","17","39","0.436","0.045","10","40","0.25"
"61","1631110","Jeremy Sochan","1610612759","SAS","20","73","44","0.104","24","79","0.304","0.386","0.05","11","38","0.289","0.054","13","41","0.317"
"62","1627749","Dejounte Murray","1610612737","ATL","27","71","47","0.058","30","77","0.39","0.494","0.023","14","30","0.467","0.036","16","47","0.34"
"63","202696","Nikola Vucevic","1610612741","CHI","33","69","47","0.069","32","75","0.427","0.44","0.055","30","60","0.5","0.014","2","15","0.133"
"64","1630169","Tyrese Haliburton","1610612754","IND","24","62","39","0.079","23","75","0.307","0.367","0.033","14","31","0.452","0.046","9","44","0.205"
"65","1630202","Payton Pritchard","1610612738","BOS","26","73","53","0.143","23","74","0.311","0.378","0.071","13","37","0.351","0.071","10","37","0.27"
"66","1630591","Jalen Suggs","1610612753","ORL","22","67","43","0.113","24","72","0.333","0.444","0.034","8","22","0.364","0.078","16","50","0.32"
"67","1631099","Keegan Murray","1610612758","SAC","23","69","40","0.084","29","71","0.408","0.472","0.043","20","36","0.556","0.042","9","35","0.257"
"68","1630228","Jonathan Kuminga","1610612744","GSW","21","69","44","0.089","28","71","0.394","0.444","0.062","21","49","0.429","0.028","7","22","0.318"
"69","1630193","Immanuel Quickley","1610612761","TOR","24","61","43","0.092","19","71","0.268","0.31","0.058","13","45","0.289","0.034","6","26","0.231"
"70","1630170","Devin Vassell","1610612759","SAS","23","68","42","0.066","29","70","0.414","0.514","0.03","15","32","0.469","0.036","14","38","0.368"
"71","1629130","Duncan Robinson","1610612748","MIA","29","63","46","0.108","29","70","0.414","0.564","0.02","8","13","0.615","0.088","21","57","0.368"
"72","1628997","Caleb Martin","1610612748","MIA","28","56","41","0.142","22","69","0.319","0.37","0.088","15","43","0.349","0.053","7","26","0.269"
"73","203468","CJ McCollum","1610612740","NOP","32","57","39","0.078","30","68","0.441","0.537","0.036","17","31","0.548","0.042","13","37","0.351"
"74","1630540","Miles McBride","1610612752","NYK","23","61","35","0.177","24","68","0.353","0.434","0.078","13","30","0.433","0.099","11","38","0.289"
"75","1627734","Domantas Sabonis","1610612758","SAC","27","74","41","0.07","33","67","0.493","0.507","0.061","31","59","0.525","0.008","2","8","0.25"
"76","1627741","Buddy Hield","1610612755","PHI","31","77","46","0.084","28","66","0.424","0.5","0.038","18","30","0.6","0.046","10","36","0.278"
"77","200768","Kyle Lowry","1610612755","PHI","38","54","31","0.188","24","66","0.364","0.462","0.094","11","33","0.333","0.094","13","33","0.394"
"78","1629611","Terance Mann","1610612746","LAC","27","66","43","0.154","21","66","0.318","0.379","0.084","13","36","0.361","0.07","8","30","0.267"
"79","1629673","Jordan Poole","1610612764","WAS","24","73","41","0.061","17","66","0.258","0.348","0.018","5","20","0.25","0.042","12","46","0.261"
"80","201939","Stephen Curry","1610612744","GSW","36","68","44","0.05","23","65","0.354","0.438","0.017","12","22","0.545","0.033","11","43","0.256"
"81","1641718","Keyonte George","1610612762","UTA","20","67","42","0.091","21","65","0.323","0.385","0.039","13","28","0.464","0.052","8","37","0.216"
"82","203915","Spencer Dinwiddie","1610612747","LAL","30","68","35","0.11","19","65","0.292","0.4","0.03","5","18","0.278","0.079","14","47","0.298"
"83","1630583","Santi Aldama","1610612763","MEM","23","60","42","0.115","17","65","0.262","0.3","0.064","12","36","0.333","0.051","5","29","0.172"
"84","1626181","Norman Powell","1610612746","LAC","30","69","39","0.093","25","64","0.391","0.516","0.029","9","20","0.45","0.064","16","44","0.364"
"85","1631097","Bennedict Mathurin","1610612754","IND","21","59","40","0.097","24","64","0.375","0.438","0.059","16","39","0.41","0.038","8","25","0.32"
"86","1630217","Desmond Bane","1610612763","MEM","25","42","34","0.082","21","64","0.328","0.414","0.037","10","29","0.345","0.045","11","35","0.314"
"87","1631170","Jaime Jaquez Jr.","1610612748","MIA","23","66","40","0.1","21","64","0.328","0.383","0.053","14","34","0.412","0.047","7","30","0.233"
"88","1626162","Kelly Oubre Jr.","1610612755","PHI","28","61","33","0.081","24","63","0.381","0.468","0.043","13","33","0.394","0.039","11","30","0.367"
"89","1631093","Jaden Ivey","1610612765","DET","22","68","37","0.076","23","63","0.365","0.389","0.04","20","33","0.606","0.036","3","30","0.1"
"90","1641706","Brandon Miller","1610612766","CHA","21","66","36","0.066","22","63","0.349","0.429","0.034","12","33","0.364","0.031","10","30","0.333"
"91","1630703","Scoot Henderson","1610612757","POR","20","54","36","0.095","18","63","0.286","0.317","0.048","14","32","0.438","0.047","4","31","0.129"
"92","203501","Tim Hardaway Jr.","1610612742","DAL","32","70","40","0.071","13","63","0.206","0.27","0.017","5","15","0.333","0.054","8","48","0.167"
"93","1626220","Royce O'Neale","1610612756","PHX","30","69","47","0.13","18","61","0.295","0.393","0.036","6","17","0.353","0.093","12","44","0.273"
"94","101108","Chris Paul","1610612744","GSW","38","49","36","0.159","16","61","0.262","0.32","0.076","9","29","0.31","0.084","7","32","0.219"
"95","203992","Bogdan Bogdanovic","1610612737","ATL","31","71","38","0.061","16","61","0.262","0.295","0.024","12","24","0.5","0.037","4","37","0.108"
"96","1626156","D'Angelo Russell","1610612747","LAL","28","68","39","0.064","16","61","0.262","0.336","0.023","7","22","0.318","0.041","9","39","0.231"
"97","1630180","Saddiq Bey","1610612737","ATL","24","63","38","0.087","17","60","0.283","0.367","0.039","7","27","0.259","0.048","10","33","0.303"
"98","1641705","Victor Wembanyama","1610612759","SAS","20","66","35","0.055","20","59","0.339","0.364","0.036","17","39","0.436","0.019","3","20","0.15"
"99","1630166","Deni Avdija","1610612764","WAS","23","68","37","0.081","25","57","0.439","0.518","0.049","16","35","0.457","0.031","9","22","0.409"
"100","201144","Mike Conley","1610612750","MIN","36","69","39","0.098","25","57","0.439","0.553","0.045","12","26","0.462","0.053","13","31","0.419"
"101","203078","Bradley Beal","1610612756","PHX","30","43","29","0.097","25","57","0.439","0.482","0.06","20","35","0.571","0.038","5","22","0.227"
"102","1629628","RJ Barrett","1610612761","TOR","23","53","32","0.073","21","57","0.368","0.404","0.047","17","37","0.459","0.026","4","20","0.2"
"103","1629675","Naz Reid","1610612750","MIN","24","73","40","0.076","19","57","0.333","0.377","0.04","14","30","0.467","0.036","5","27","0.185"
"104","201566","Russell Westbrook","1610612746","LAC","35","62","37","0.096","16","57","0.281","0.36","0.054","7","32","0.219","0.042","9","25","0.36"
"105","1631096","Chet Holmgren","1610612760","OKC","21","74","37","0.065","24","56","0.429","0.491","0.037","17","32","0.531","0.028","7","24","0.292"
"106","1629018","Gary Trent Jr.","1610612761","TOR","25","65","38","0.076","21","56","0.375","0.5","0.035","7","26","0.269","0.041","14","30","0.467"
"107","202691","Klay Thompson","1610612744","GSW","34","69","39","0.057","19","56","0.339","0.393","0.03","13","29","0.448","0.028","6","27","0.222"
"108","1629684","Grant Williams","1610612766","CHA","25","69","40","0.104","19","56","0.339","0.402","0.05","12","27","0.444","0.054","7","29","0.241"
"109","201976","Patrick Beverley","1610612749","MIL","35","68","42","0.161","18","56","0.321","0.366","0.103","13","36","0.361","0.057","5","20","0.25"
"110","1629661","Cameron Johnson","1610612751","BKN","28","55","35","0.094","17","56","0.304","0.357","0.042","11","25","0.44","0.052","6","31","0.194"
"111","1627936","Alex Caruso","1610612741","CHI","30","65","35","0.112","28","55","0.509","0.691","0.027","8","13","0.615","0.086","20","42","0.476"
"112","202681","Kyrie Irving","1610612742","DAL","32","51","31","0.055","23","55","0.418","0.491","0.032","15","32","0.469","0.023","8","23","0.348"
"113","1629639","Tyler Herro","1610612748","MIA","24","35","25","0.087","22","55","0.4","0.464","0.051","15","32","0.469","0.036","7","23","0.304"
"114","1629638","Nickeil Alexander-Walker","1610612750","MIN","25","74","38","0.117","20","55","0.364","0.445","0.04","11","19","0.579","0.076","9","36","0.25"
"115","1627736","Malik Beasley","1610612749","MIL","27","71","38","0.084","20","55","0.364","0.445","0.026","11","17","0.647","0.058","9","38","0.237"
"116","203937","Kyle Anderson","1610612750","MIN","30","71","39","0.139","23","54","0.426","0.435","0.111","22","43","0.512","0.028","1","11","0.091"
"117","1630173","Precious Achiuwa","1610612752","NYK","24","67","32","0.121","21","54","0.389","0.444","0.092","15","41","0.366","0.029","6","13","0.462"
"118","1630230","Naji Marshall","1610612740","NOP","26","61","31","0.153","20","54","0.37","0.454","0.065","11","23","0.478","0.088","9","31","0.29"
"119","1628384","OG Anunoby","1610612752","NYK","26","44","29","0.104","22","53","0.415","0.491","0.049","14","25","0.56","0.055","8","28","0.286"
"120","1629022","Lonnie Walker IV","1610612751","BKN","25","53","31","0.121","14","53","0.264","0.33","0.048","7","21","0.333","0.073","7","32","0.219"
"121","1628960","Grayson Allen","1610612756","PHX","28","66","35","0.09","18","52","0.346","0.471","0.035","5","20","0.25","0.055","13","32","0.406"
"122","1629008","Michael Porter Jr.","1610612743","DEN","25","72","36","0.053","22","51","0.431","0.529","0.026","12","25","0.48","0.027","10","26","0.385"
"123","1626171","Bobby Portis","1610612749","MIL","29","74","34","0.063","20","51","0.392","0.431","0.046","16","37","0.432","0.017","4","14","0.286"
"124","1631246","Vince Williams Jr.","1610612763","MEM","23","52","29","0.135","16","51","0.314","0.373","0.069","10","26","0.385","0.066","6","25","0.24"
"125","1629023","P.J. Washington","1610612742","DAL","25","65","38","0.071","14","51","0.275","0.324","0.028","9","20","0.45","0.043","5","31","0.161"
"126","1631133","Jabari Walker","1610612757","POR","21","65","36","0.118","12","51","0.235","0.265","0.069","9","30","0.3","0.049","3","21","0.143"
"127","1626167","Myles Turner","1610612754","IND","28","71","37","0.06","27","50","0.54","0.59","0.043","22","36","0.611","0.017","5","14","0.357"
"128","204001","Kristaps Porzingis","1610612738","BOS","28","52","27","0.072","22","50","0.44","0.51","0.047","15","33","0.455","0.024","7","17","0.412"
"129","203084","Harrison Barnes","1610612758","SAC","31","74","31","0.076","21","50","0.42","0.53","0.029","10","19","0.526","0.047","11","31","0.355"
"130","1627763","Malcolm Brogdon","1610612757","POR","31","39","23","0.101","19","50","0.38","0.46","0.06","11","30","0.367","0.04","8","20","0.4"
"131","202692","Alec Burks","1610612752","NYK","32","62","33","0.089","13","50","0.26","0.36","0.032","3","18","0.167","0.057","10","32","0.313"
"132","203994","Jusuf Nurkic","1610612756","PHX","29","67","29","0.086","13","49","0.265","0.265","0.058","13","33","0.394","0.028","0","16","0"
"133","1631095","Jabari Smith Jr.","1610612745","HOU","20","68","38","0.067","13","49","0.265","0.337","0.037","6","27","0.222","0.03","7","22","0.318"
"134","1630245","Ayo Dosunmu","1610612741","CHI","24","72","34","0.073","20","48","0.417","0.469","0.042","15","28","0.536","0.03","5","20","0.25"
"135","1626157","Karl-Anthony Towns","1610612750","MIN","28","60","36","0.052","19","48","0.396","0.427","0.035","16","33","0.485","0.016","3","15","0.2"
"136","1627827","Dorian Finney-Smith","1610612751","BKN","30","63","34","0.101","13","48","0.271","0.302","0.048","10","23","0.435","0.052","3","25","0.12"
"137","1628971","Bruce Brown","1610612761","TOR","27","62","34","0.087","20","47","0.426","0.447","0.067","18","36","0.5","0.02","2","11","0.182"
"138","201569","Eric Gordon","1610612756","PHX","35","60","36","0.082","18","47","0.383","0.479","0.035","9","20","0.45","0.047","9","27","0.333"
"139","1641709","Ausar Thompson","1610612765","DET","21","62","33","0.099","18","47","0.383","0.383","0.066","18","31","0.581","0.034","0","16","0"
"140","1630692","Jordan Goodwin","1610612763","MEM","25","49","25","0.162","17","47","0.362","0.436","0.089","10","26","0.385","0.072","7","21","0.333"
"141","1628401","Derrick White","1610612738","BOS","29","67","33","0.06","15","47","0.319","0.447","0.01","3","8","0.375","0.05","12","39","0.308"
"142","1630557","Corey Kispert","1610612764","WAS","25","73","33","0.066","14","46","0.304","0.402","0.016","5","11","0.455","0.051","9","35","0.257"
"143","1641713","GG Jackson","1610612763","MEM","19","40","24","0.11","14","46","0.304","0.326","0.058","12","24","0.5","0.053","2","22","0.091"
"144","1628372","Dennis Smith Jr.","1610612751","BKN","26","54","36","0.141","12","46","0.261","0.261","0.095","12","31","0.387","0.046","0","15","0"
"145","203952","Andrew Wiggins","1610612744","GSW","29","64","32","0.066","18","45","0.4","0.456","0.042","13","29","0.448","0.023","5","16","0.313"
"146","1630194","Paul Reed","1610612755","PHI","24","75","30","0.102","22","44","0.5","0.523","0.09","20","39","0.513","0.012","2","5","0.4"
"147","1628415","Dillon Brooks","1610612745","HOU","28","65","30","0.064","17","44","0.386","0.477","0.026","9","18","0.5","0.038","8","26","0.308"
"148","1629651","Nic Claxton","1610612751","BKN","24","63","35","0.082","25","43","0.581","0.581","0.08","25","42","0.595","0.002","0","1","0"
"149","1629021","Moritz Wagner","1610612753","ORL","26","72","28","0.087","25","43","0.581","0.616","0.069","22","34","0.647","0.018","3","9","0.333"
"150","1630183","Jaden McDaniels","1610612750","MIN","23","64","33","0.076","21","43","0.488","0.523","0.051","18","29","0.621","0.025","3","14","0.214"
"151","1629614","Andrew Nembhard","1610612754","IND","24","61","27","0.09","20","43","0.465","0.523","0.05","15","24","0.625","0.04","5","19","0.263"
"152","1626166","Cameron Payne","1610612755","PHI","29","71","32","0.098","18","43","0.419","0.547","0.055","7","24","0.292","0.043","11","19","0.579"
"153","1629659","Talen Horton-Tucker","1610612762","UTA","23","45","28","0.11","14","43","0.326","0.384","0.066","9","26","0.346","0.043","5","17","0.294"
"154","202711","Bojan Bogdanovic","1610612752","NYK","34","49","32","0.069","20","42","0.476","0.524","0.051","16","31","0.516","0.018","4","11","0.364"
"155","1630581","Josh Giddey","1610612760","OKC","21","73","28","0.055","15","42","0.357","0.369","0.036","14","28","0.5","0.018","1","14","0.071"
"156","1630625","Dalano Banton","1610612757","POR","24","46","22","0.121","10","42","0.238","0.25","0.069","9","24","0.375","0.052","1","18","0.056"
"157","202685","Jonas Valanciunas","1610612740","NOP","31","73","31","0.063","25","41","0.61","0.61","0.059","25","38","0.658","0.005","0","3","0"
"158","1629627","Zion Williamson","1610612740","NOP","23","62","33","0.043","17","41","0.415","0.415","0.04","17","38","0.447","0.003","0","3","0"
"159","1627777","Georges Niang","1610612739","CLE","30","75","28","0.07","15","41","0.366","0.439","0.029","9","17","0.529","0.041","6","24","0.25"
"160","1629652","Luguentz Dort","1610612760","OKC","24","72","29","0.07","12","41","0.293","0.366","0.031","6","18","0.333","0.039","6","23","0.261"
"161","201572","Brook Lopez","1610612749","MIL","36","71","31","0.06","18","40","0.45","0.513","0.033","13","22","0.591","0.027","5","18","0.278"
"162","1641710","Anthony Black","1610612753","ORL","20","65","29","0.165","15","40","0.375","0.463","0.099","8","24","0.333","0.066","7","16","0.438"
"163","203932","Aaron Gordon","1610612743","DEN","28","66","27","0.06","15","40","0.375","0.413","0.041","12","27","0.444","0.02","3","13","0.231"
"164","1630541","Moses Moody","1610612744","GSW","21","57","28","0.111","12","40","0.3","0.4","0.047","4","17","0.235","0.064","8","23","0.348"
"165","1630198","Isaiah Joe","1610612760","OKC","24","70","29","0.092","11","40","0.275","0.375","0.032","3","14","0.214","0.06","8","26","0.308"
"166","1631204","Marcus Sasser","1610612765","DET","23","63","30","0.095","16","39","0.41","0.487","0.059","10","24","0.417","0.037","6","15","0.4"
"167","1630200","Tre Jones","1610612759","SAS","24","69","29","0.076","16","39","0.41","0.449","0.049","13","25","0.52","0.027","3","14","0.214"
"168","204456","T.J. McConnell","1610612754","IND","32","64","28","0.076","14","39","0.359","0.372","0.065","13","33","0.394","0.012","1","6","0.167"
"169","1626145","Tyus Jones","1610612764","WAS","27","66","30","0.059","12","39","0.308","0.372","0.033","7","22","0.318","0.026","5","17","0.294"
"170","1629622","Max Strus","1610612739","CLE","28","63","27","0.059","8","39","0.205","0.256","0.014","4","9","0.444","0.045","4","30","0.133"
"171","1630552","Jalen Johnson","1610612737","ATL","22","51","28","0.06","20","38","0.526","0.579","0.039","16","25","0.64","0.021","4","13","0.308"
"172","1629631","De'Andre Hunter","1610612737","ATL","26","50","28","0.067","17","38","0.447","0.526","0.034","11","19","0.579","0.034","6","19","0.316"
"173","201950","Jrue Holiday","1610612738","BOS","33","62","26","0.061","17","38","0.447","0.526","0.038","11","24","0.458","0.022","6","14","0.429"
"174","1630171","Isaac Okoro","1610612739","CLE","23","65","28","0.082","16","38","0.421","0.474","0.052","12","24","0.5","0.03","4","14","0.286"
"175","1628381","John Collins","1610612762","UTA","26","67","28","0.052","15","38","0.395","0.461","0.033","10","24","0.417","0.019","5","14","0.357"
"176","1641871","Duop Reath","1610612757","POR","27","59","28","0.087","12","38","0.316","0.382","0.046","7","20","0.35","0.041","5","18","0.278"
"177","1627752","Taurean Prince","1610612747","LAL","30","70","30","0.074","12","38","0.316","0.395","0.025","6","13","0.462","0.049","6","25","0.24"
"178","1626224","Cedi Osman","1610612759","SAS","28","71","30","0.101","12","38","0.316","0.368","0.04","8","15","0.533","0.061","4","23","0.174"
"179","1628975","Jevon Carter","1610612741","CHI","28","66","31","0.116","11","38","0.289","0.329","0.049","8","16","0.5","0.067","3","22","0.136"
"180","202694","Marcus Morris Sr.","1610612739","CLE","34","44","20","0.154","10","38","0.263","0.355","0.065","3","16","0.188","0.089","7","22","0.318"
"181","1631223","David Roddy","1610612756","PHX","23","61","30","0.097","8","38","0.211","0.211","0.071","8","28","0.286","0.025","0","10","0"
"182","1631212","Peyton Watson","1610612743","DEN","21","71","28","0.094","17","37","0.459","0.514","0.043","13","17","0.765","0.051","4","20","0.2"
"183","1631101","Shaedon Sharpe","1610612757","POR","20","32","22","0.085","12","37","0.324","0.365","0.048","9","21","0.429","0.037","3","16","0.188"
"184","203967","Dario Saric","1610612744","GSW","29","61","27","0.097","19","36","0.528","0.583","0.062","15","23","0.652","0.035","4","13","0.308"
"185","1630530","Trey Murphy III","1610612740","NOP","23","48","25","0.071","16","36","0.444","0.597","0.018","5","9","0.556","0.053","11","27","0.407"
"186","203482","Kelly Olynyk","1610612761","TOR","32","71","27","0.083","16","36","0.444","0.486","0.05","13","22","0.591","0.032","3","14","0.214"
"187","1641717","Cason Wallace","1610612760","OKC","20","74","26","0.092","11","36","0.306","0.361","0.043","7","17","0.412","0.048","4","19","0.211"
"188","203083","Andre Drummond","1610612741","CHI","30","74","27","0.077","16","35","0.457","0.457","0.073","16","33","0.485","0.004","0","2","0"
"189","203995","Vasilije Micic","1610612766","CHA","30","52","26","0.116","12","35","0.343","0.429","0.05","6","15","0.4","0.066","6","20","0.3"
"190","1641739","Toumani Camara","1610612757","POR","23","69","24","0.082","12","35","0.343","0.4","0.059","8","25","0.32","0.023","4","10","0.4"
"191","1630167","Obi Toppin","1610612754","IND","26","75","31","0.068","12","35","0.343","0.4","0.033","8","17","0.471","0.035","4","18","0.222"
"192","1631323","Simone Fontecchio","1610612765","DET","28","65","25","0.065","10","35","0.286","0.371","0.022","4","12","0.333","0.043","6","23","0.261"
"193","1630168","Onyeka Okongwu","1610612737","ATL","23","55","28","0.094","18","34","0.529","0.544","0.072","17","26","0.654","0.022","1","8","0.125"
"194","1628386","Jarrett Allen","1610612739","CLE","25","70","26","0.046","14","34","0.412","0.412","0.044","14","32","0.438","0.003","0","2","0"
"195","1628988","Aaron Holiday","1610612745","HOU","27","71","26","0.089","13","34","0.382","0.456","0.034","8","13","0.615","0.055","5","21","0.238"
"196","1630702","Jaden Hardy","1610612742","DAL","21","64","24","0.08","11","34","0.324","0.397","0.033","6","14","0.429","0.047","5","20","0.25"
"197","1628380","Zach Collins","1610612759","SAS","26","61","24","0.061","17","33","0.515","0.576","0.048","13","26","0.5","0.013","4","7","0.571"
"198","1626204","Larry Nance Jr.","1610612740","NOP","31","55","28","0.158","17","33","0.515","0.561","0.105","14","22","0.636","0.053","3","11","0.273"
"199","1641708","Amen Thompson","1610612745","HOU","21","55","25","0.085","16","33","0.485","0.515","0.057","14","22","0.636","0.028","2","11","0.182"
"200","1629060","Rui Hachimura","1610612747","LAL","26","60","27","0.057","16","33","0.485","0.53","0.042","13","24","0.542","0.016","3","9","0.333"
"201","1629680","Matisse Thybulle","1610612757","POR","27","64","27","0.107","15","33","0.455","0.561","0.033","8","10","0.8","0.075","7","23","0.304"
"202","1630573","Sam Hauser","1610612738","BOS","26","70","26","0.073","12","33","0.364","0.545","0.002","0","1","0","0.07","12","32","0.375"
"203","1630529","Herbert Jones","1610612740","NOP","25","67","29","0.064","12","33","0.364","0.439","0.035","7","18","0.389","0.029","5","15","0.333"
"204","1627826","Ivica Zubac","1610612746","LAC","27","61","24","0.071","18","32","0.563","0.563","0.071","18","32","0.563","0","0","0",NA
"205","203484","Kentavious Caldwell-Pope","1610612743","DEN","31","67","24","0.063","15","32","0.469","0.609","0.021","6","11","0.545","0.041","9","21","0.429"
"206","1630596","Evan Mobley","1610612739","CLE","22","43","22","0.068","15","32","0.469","0.469","0.055","15","26","0.577","0.013","0","6","0"
"207","1628989","Kevin Huerter","1610612758","SAC","25","64","25","0.057","14","32","0.438","0.547","0.022","7","12","0.583","0.036","7","20","0.35"
"208","1630188","Jalen Smith","1610612754","IND","24","54","25","0.093","14","32","0.438","0.5","0.049","10","17","0.588","0.043","4","15","0.267"
"209","1626196","Josh Richardson","1610612748","MIA","30","42","24","0.095","13","32","0.406","0.453","0.05","10","17","0.588","0.044","3","15","0.2"
"210","1629599","Amir Coffey","1610612746","LAC","26","61","27","0.12","13","32","0.406","0.563","0.045","3","12","0.25","0.075","10","20","0.5"
"211","203497","Rudy Gobert","1610612750","MIN","31","68","27","0.059","13","32","0.406","0.406","0.055","13","30","0.433","0.004","0","2","0"
"212","1631103","Malaki Branham","1610612759","SAS","20","69","28","0.058","13","32","0.406","0.5","0.026","7","14","0.5","0.033","6","18","0.333"
"213","1630631","Jose Alvarado","1610612740","NOP","25","50","19","0.106","10","32","0.313","0.406","0.043","4","13","0.308","0.063","6","19","0.316"
"214","1630558","Davion Mitchell","1610612758","SAC","25","64","24","0.127","10","32","0.313","0.359","0.072","7","18","0.389","0.056","3","14","0.214"
"215","1628392","Isaiah Hartenstein","1610612752","NYK","25","68","25","0.096","21","31","0.677","0.694","0.093","20","30","0.667","0.003","1","1","1"
"216","1641731","Bilal Coulibaly","1610612764","WAS","19","63","23","0.072","19","31","0.613","0.694","0.051","14","22","0.636","0.021","5","9","0.556"
"217","204060","Joe Ingles","1610612753","ORL","36","60","25","0.15","13","31","0.419","0.565","0.039","4","8","0.5","0.111","9","23","0.391"
"218","1630533","Ziaire Williams","1610612763","MEM","22","51","22","0.082","12","31","0.387","0.452","0.04","8","15","0.533","0.043","4","16","0.25"
"219","1630182","Josh Green","1610612742","DAL","23","53","21","0.089","10","31","0.323","0.468","0.02","1","7","0.143","0.069","9","24","0.375"
"220","1626168","Trey Lyles","1610612758","SAC","28","50","21","0.115","6","31","0.194","0.242","0.041","3","11","0.273","0.074","3","20","0.15"
"221","201145","Jeff Green","1610612745","HOU","37","70","23","0.096","11","30","0.367","0.45","0.032","6","10","0.6","0.064","5","20","0.25"
"222","1641722","Jordan Hawkins","1610612740","NOP","21","62","27","0.068","10","30","0.333","0.433","0.027","4","12","0.333","0.041","6","18","0.333"
"223","1626153","Delon Wright","1610612748","MIA","31","44","23","0.173","9","30","0.3","0.317","0.116","8","20","0.4","0.058","1","10","0.1"
"224","1630172","Patrick Williams","1610612741","CHI","22","43","22","0.084","8","30","0.267","0.333","0.042","4","15","0.267","0.042","4","15","0.267"
"225","1626174","Christian Wood","1610612747","LAL","28","49","22","0.113","17","29","0.586","0.638","0.074","14","19","0.737","0.039","3","10","0.3"
"226","1629731","Dean Wade","1610612739","CLE","27","54","24","0.125","13","29","0.448","0.621","0.03","3","7","0.429","0.095","10","22","0.455"
"227","1630700","Dyson Daniels","1610612740","NOP","21","52","22","0.114","12","29","0.414","0.5","0.047","7","12","0.583","0.067","5","17","0.294"
"228","1628998","Cody Martin","1610612766","CHA","28","28","16","0.135","12","29","0.414","0.466","0.088","9","19","0.474","0.047","3","10","0.3"
"229","1630214","Xavier Tillman","1610612738","BOS","25","47","20","0.117","12","29","0.414","0.448","0.081","10","20","0.5","0.036","2","9","0.222"
"230","1627884","Derrick Jones Jr.","1610612742","DAL","27","68","23","0.066","11","29","0.379","0.448","0.03","7","13","0.538","0.037","4","16","0.25"
"231","1630205","Lamar Stevens","1610612763","MEM","26","34","15","0.15","9","29","0.31","0.345","0.13","7","25","0.28","0.021","2","4","0.5"
"232","1631165","Keon Ellis","1610612758","SAC","24","49","18","0.168","7","29","0.241","0.328","0.046","2","8","0.25","0.121","5","21","0.238"
"233","1631105","Jalen Duren","1610612765","DET","20","55","23","0.055","13","28","0.464","0.464","0.051","13","26","0.5","0.004","0","2","0"
"234","1629312","Haywood Highsmith","1610612748","MIA","27","58","20","0.1","12","28","0.429","0.518","0.046","7","13","0.538","0.053","5","15","0.333"
"235","203114","Khris Middleton","1610612749","MIL","32","49","21","0.049","10","28","0.357","0.411","0.028","7","16","0.438","0.021","3","12","0.25"
"236","203957","Dante Exum","1610612742","DAL","28","47","20","0.106","10","28","0.357","0.464","0.06","4","16","0.25","0.045","6","12","0.5"
"237","1629723","John Konchar","1610612763","MEM","28","55","23","0.135","9","28","0.321","0.375","0.058","6","12","0.5","0.077","3","16","0.188"
"238","1630174","Aaron Nesmith","1610612754","IND","24","65","25","0.049","7","28","0.25","0.321","0.026","3","15","0.2","0.023","4","13","0.308"
"239","1631367","Jacob Gilyard","1610612751","BKN","25","39","20","0.185","12","27","0.444","0.63","0.027","2","4","0.5","0.158","10","23","0.435"
"240","1631108","Max Christie","1610612747","LAL","21","60","16","0.124","12","27","0.444","0.593","0.037","4","8","0.5","0.087","8","19","0.421"
"241","1626192","Pat Connaughton","1610612749","MIL","31","68","20","0.092","11","27","0.407","0.537","0.027","4","8","0.5","0.065","7","19","0.368"
"242","202397","Ish Smith","1610612766","CHA","35","43","16","0.171","10","27","0.37","0.426","0.127","7","20","0.35","0.044","3","7","0.429"
"243","1629026","Kenrich Williams","1610612760","OKC","29","61","22","0.115","10","27","0.37","0.444","0.051","6","12","0.5","0.064","4","15","0.267"
"244","1631128","Christian Braun","1610612743","DEN","22","73","21","0.064","4","27","0.148","0.167","0.04","3","17","0.176","0.024","1","10","0.1"
"245","1630163","LaMelo Ball","1610612766","CHA","22","22","16","0.061","9","26","0.346","0.423","0.038","5","16","0.313","0.024","4","10","0.4"
"246","1641711","Gradey Dick","1610612761","TOR","20","52","20","0.075","8","26","0.308","0.404","0.029","3","10","0.3","0.046","5","16","0.313"
"247","203110","Draymond Green","1610612744","GSW","34","48","21","0.08","7","26","0.269","0.327","0.037","4","12","0.333","0.043","3","14","0.214"
"248","1641733","Nick Smith Jr.","1610612766","CHA","19","45","21","0.108","7","26","0.269","0.308","0.054","5","13","0.385","0.054","2","13","0.154"
"249","1628379","Luke Kennard","1610612763","MEM","27","37","18","0.088","6","26","0.231","0.308","0.02","2","6","0.333","0.067","4","20","0.2"
"250","1629655","Daniel Gafford","1610612742","DAL","25","66","20","0.059","17","25","0.68","0.68","0.059","17","25","0.68","0","0","0",NA
"251","1627739","Kris Dunn","1610612762","UTA","30","63","18","0.082","10","25","0.4","0.46","0.046","7","14","0.5","0.036","3","11","0.273"
"252","1630544","Tre Mann","1610612766","CHA","23","33","19","0.105","7","25","0.28","0.34","0.059","4","14","0.286","0.046","3","11","0.273"
"253","1628966","Keita Bates-Diop","1610612751","BKN","28","52","17","0.156","6","25","0.24","0.26","0.075","5","12","0.417","0.081","1","13","0.077"
"254","1629006","Josh Okogie","1610612756","PHX","25","55","21","0.124","5","25","0.2","0.24","0.065","3","13","0.231","0.06","2","12","0.167"
"255","1630549","Day'Ron Sharpe","1610612751","BKN","22","55","15","0.091","12","24","0.5","0.5","0.087","12","23","0.522","0.004","0","1","0"
"256","203991","Clint Capela","1610612737","ATL","29","66","17","0.043","11","24","0.458","0.458","0.041","11","23","0.478","0.002","0","1","0"
"257","1628963","Marvin Bagley III","1610612764","WAS","25","49","18","0.06","11","24","0.458","0.479","0.052","10","21","0.476","0.007","1","3","0.333"
"258","1630598","Aaron Wiggins","1610612760","OKC","25","70","15","0.081","11","24","0.458","0.521","0.05","8","15","0.533","0.03","3","9","0.333"
"259","201587","Nicolas Batum","1610612755","PHI","35","53","17","0.109","9","24","0.375","0.521","0.032","2","7","0.286","0.077","7","17","0.412"
"260","1630165","Killian Hayes","1610612765","DET","22","42","20","0.085","9","24","0.375","0.417","0.06","7","17","0.412","0.025","2","7","0.286"
"261","1630538","Bones Hyland","1610612746","LAC","23","31","18","0.129","5","24","0.208","0.271","0.059","2","11","0.182","0.07","3","13","0.231"
"262","203897","Zach LaVine","1610612741","CHI","29","25","14","0.064","5","24","0.208","0.271","0.021","2","8","0.25","0.043","3","16","0.188"
"263","1626172","Kevon Looney","1610612744","GSW","28","67","18","0.11","12","23","0.522","0.522","0.11","12","23","0.522","0","0","0",NA
"264","1628470","Torrey Craig","1610612741","CHI","33","45","19","0.105","10","23","0.435","0.565","0.041","4","9","0.444","0.064","6","14","0.429"
"265","1641854","Craig Porter Jr.","1610612739","CLE","24","48","15","0.103","8","23","0.348","0.413","0.076","5","17","0.294","0.027","3","6","0.5"
"266","1629234","Drew Eubanks","1610612756","PHX","27","66","20","0.102","8","23","0.348","0.348","0.102","8","23","0.348","0","0","0",NA
"267","1630241","Sam Merrill","1610612739","CLE","27","57","16","0.062","8","23","0.348","0.5","0.003","1","1","1","0.059","7","22","0.318"
"268","1628365","Markelle Fultz","1610612753","ORL","25","35","17","0.086","5","23","0.217","0.217","0.075","5","20","0.25","0.011","0","3","0"
"269","201580","JaVale McGee","1610612758","SAC","36","43","17","0.177","13","22","0.591","0.591","0.169","13","21","0.619","0.008","0","1","0"
"270","1629001","De'Anthony Melton","1610612755","PHI","25","36","16","0.063","10","22","0.455","0.568","0.037","5","13","0.385","0.026","5","9","0.556"
"271","1630215","Jared Butler","1610612764","WAS","23","33","13","0.159","9","22","0.409","0.477","0.087","6","12","0.5","0.072","3","10","0.3"
"272","1631104","Blake Wesley","1610612759","SAS","21","53","15","0.129","9","22","0.409","0.432","0.094","8","16","0.5","0.035","1","6","0.167"
"273","201567","Kevin Love","1610612748","MIA","35","46","19","0.074","7","22","0.318","0.341","0.034","6","10","0.6","0.041","1","12","0.083"
"274","1631260","AJ Green","1610612749","MIL","24","50","14","0.129","6","22","0.273","0.364","0.029","2","5","0.4","0.099","4","17","0.235"
"275","201143","Al Horford","1610612738","BOS","37","59","20","0.057","9","21","0.429","0.619","0.022","1","8","0.125","0.035","8","13","0.615"
"276","1631222","Jake LaRavia","1610612763","MEM","22","29","12","0.095","7","21","0.333","0.429","0.036","3","8","0.375","0.059","4","13","0.308"
"277","1631200","Kris Murray","1610612757","POR","23","53","15","0.076","6","21","0.286","0.333","0.04","4","11","0.364","0.036","2","10","0.2"
"278","1630592","Jalen Wilson","1610612751","BKN","23","35","15","0.164","4","21","0.19","0.214","0.117","3","15","0.2","0.047","1","6","0.167"
"279","203095","Evan Fournier","1610612765","DET","31","24","15","0.127","3","21","0.143","0.214","0.036","0","6","0","0.091","3","15","0.2"
"280","1629028","Deandre Ayton","1610612757","POR","25","47","14","0.035","15","20","0.75","0.75","0.035","15","20","0.75","0","0","0",NA
"281","1630208","Nick Richards","1610612766","CHA","26","63","18","0.057","12","20","0.6","0.6","0.054","12","19","0.632","0.003","0","1","0"
"282","201568","Danilo Gallinari","1610612749","MIL","35","45","17","0.111","9","20","0.45","0.5","0.067","7","12","0.583","0.044","2","8","0.25"
"283","203914","Gary Harris","1610612753","ORL","29","47","17","0.077","9","20","0.45","0.575","0.023","4","6","0.667","0.054","5","14","0.357"
"284","1631216","Caleb Houstan","1610612753","ORL","21","56","14","0.1","8","20","0.4","0.575","0.005","1","1","1","0.095","7","19","0.368"
"285","1629013","Landry Shamet","1610612764","WAS","27","46","18","0.074","7","20","0.35","0.45","0.033","3","9","0.333","0.04","4","11","0.364"
"286","1631119","Jaylin Williams","1610612760","OKC","21","61","15","0.105","7","20","0.35","0.5","0.047","1","9","0.111","0.058","6","11","0.545"
"287","1631311","Lester Quinones","1610612744","GSW","23","32","12","0.167","7","20","0.35","0.425","0.083","4","10","0.4","0.083","3","10","0.3"
"288","1629002","Chimezie Metu","1610612765","DET","27","42","16","0.12","7","20","0.35","0.4","0.066","5","11","0.455","0.054","2","9","0.222"
"289","1630534","Ochai Agbaji","1610612761","TOR","23","71","19","0.051","6","20","0.3","0.4","0.028","2","11","0.182","0.023","4","9","0.444"
"290","1627751","Jakob Poeltl","1610612761","TOR","28","50","16","0.05","11","19","0.579","0.579","0.05","11","19","0.579","0","0","0",NA
"291","1631117","Walker Kessler","1610612762","UTA","22","62","15","0.056","11","19","0.579","0.579","0.053","11","18","0.611","0.003","0","1","0"
"292","1629656","Quentin Grimes","1610612765","DET","23","51","18","0.059","7","19","0.368","0.553","0.003","0","1","0","0.056","7","18","0.389"
"293","1630201","Malachi Flynn","1610612765","DET","25","60","14","0.08","4","19","0.211","0.263","0.042","2","10","0.2","0.038","2","9","0.222"
"294","1628972","Troy Brown Jr.","1610612765","DET","24","50","18","0.106","4","19","0.211","0.237","0.05","3","9","0.333","0.056","1","10","0.1"
"295","1628464","Daniel Theis","1610612746","LAC","31","54","16","0.073","12","18","0.667","0.722","0.057","10","14","0.714","0.016","2","4","0.5"
"296","1628436","Luke Kornet","1610612738","BOS","28","54","15","0.107","11","18","0.611","0.611","0.107","11","18","0.611","0","0","0",NA
"297","1630543","Isaiah Jackson","1610612754","IND","22","55","13","0.083","10","18","0.556","0.556","0.073","10","16","0.625","0.009","0","2","0"
"298","1630570","Trendon Watford","1610612751","BKN","23","55","13","0.075","8","18","0.444","0.472","0.058","7","14","0.5","0.017","1","4","0.25"
"299","1628371","Jonathan Isaac","1610612753","ORL","26","51","15","0.072","8","18","0.444","0.556","0.028","4","7","0.571","0.044","4","11","0.364"
"300","1629630","Ja Morant","1610612763","MEM","24","9","8","0.106","7","18","0.389","0.444","0.071","5","12","0.417","0.035","2","6","0.333"
"301","1629629","Cam Reddish","1610612747","LAL","24","45","12","0.081","5","18","0.278","0.389","0.041","1","9","0.111","0.041","4","9","0.444"
"302","1630256","Jae'Sean Tate","1610612745","HOU","28","64","13","0.079","4","18","0.222","0.25","0.057","3","13","0.231","0.022","1","5","0.2"
"303","203488","Mike Muscala","1610612760","OKC","32","46","14","0.124","2","18","0.111","0.111","0.069","2","10","0.2","0.055","0","8","0"
"304","1628976","Wendell Carter Jr.","1610612753","ORL","24","47","15","0.047","11","17","0.647","0.824","0.025","5","9","0.556","0.022","6","8","0.75"
"305","1641715","Cam Whitmore","1610612745","HOU","19","39","13","0.045","8","17","0.471","0.618","0.013","3","5","0.6","0.032","5","12","0.417"
"306","1630537","Chris Duarte","1610612758","SAC","26","54","14","0.085","5","17","0.294","0.324","0.05","4","10","0.4","0.035","1","7","0.143"
"307","1629003","Shake Milton","1610612752","NYK","27","47","12","0.087","2","17","0.118","0.118","0.051","2","10","0.2","0.036","0","7","0"
"308","1630550","JT Thor","1610612766","CHA","21","55","12","0.105","9","16","0.563","0.688","0.065","5","10","0.5","0.039","4","6","0.667"
"309","1630531","Jaden Springer","1610612738","BOS","21","44","12","0.118","6","16","0.375","0.375","0.088","6","12","0.5","0.029","0","4","0"
"310","1628426","Sasha Vezenkov","1610612758","SAC","28","36","10","0.097","5","16","0.313","0.406","0.03","2","5","0.4","0.067","3","11","0.273"
"311","1641707","Taylor Hendricks","1610612762","UTA","20","33","14","0.082","5","16","0.313","0.375","0.031","3","6","0.5","0.052","2","10","0.2"
"312","1630191","Isaiah Stewart","1610612765","DET","22","45","11","0.043","5","16","0.313","0.344","0.032","4","12","0.333","0.011","1","4","0.25"
"313","1628964","Mo Bamba","1610612755","PHI","25","53","13","0.08","8","15","0.533","0.6","0.048","6","9","0.667","0.032","2","6","0.333"
"314","1628449","Chris Boucher","1610612761","TOR","31","49","13","0.071","7","15","0.467","0.533","0.042","5","9","0.556","0.028","2","6","0.333"
"315","1629048","Goga Bitadze","1610612753","ORL","24","57","12","0.074","6","15","0.4","0.4","0.074","6","15","0.4","0","0","0",NA
"316","1630699","MarJon Beauchamp","1610612749","MIL","23","46","12","0.096","4","15","0.267","0.3","0.045","3","7","0.429","0.051","1","8","0.125"
"317","203935","Marcus Smart","1610612763","MEM","30","20","10","0.063","4","15","0.267","0.3","0.021","3","5","0.6","0.042","1","10","0.1"
"318","203109","Jae Crowder","1610612749","MIL","33","43","14","0.066","3","15","0.2","0.3","0.009","0","2","0","0.057","3","13","0.231"
"319","1641729","Brice Sensabaugh","1610612762","UTA","20","24","9","0.109","2","15","0.133","0.167","0.043","1","6","0.167","0.065","1","9","0.111"
"320","1630164","James Wiseman","1610612765","DET","23","54","13","0.058","8","14","0.571","0.571","0.05","8","12","0.667","0.008","0","2","0"
"321","202684","Tristan Thompson","1610612739","CLE","33","45","10","0.126","8","14","0.571","0.571","0.117","8","13","0.615","0.009","0","1","0"
"322","1641741","Ricky Council IV","1610612755","PHI","22","27","11","0.143","4","14","0.286","0.286","0.082","4","8","0.5","0.061","0","6","0"
"323","1641998","Trey Jemison","1610612763","MEM","24","18","8","0.157","9","13","0.692","0.692","0.157","9","13","0.692","0","0","0",NA
"324","1628467","Maxi Kleber","1610612742","DAL","32","36","9","0.105","7","13","0.538","0.615","0.056","5","7","0.714","0.048","2","6","0.333"
"325","1641931","Onuralp Bitim","1610612741","CHI","25","17","8","0.206","6","13","0.462","0.538","0.095","4","6","0.667","0.111","2","7","0.286"
"326","1629162","Jordan McLaughlin","1610612750","MIN","27","48","12","0.108","6","13","0.462","0.654","0.017","1","2","0.5","0.092","5","11","0.455"
"327","1627780","Gary Payton II","1610612744","GSW","31","39","8","0.083","6","13","0.462","0.577","0.038","3","6","0.5","0.045","3","7","0.429"
"328","1631106","Tari Eason","1610612745","HOU","22","22","9","0.069","5","13","0.385","0.423","0.053","4","10","0.4","0.016","1","3","0.333"
"329","1630219","Skylar Mays","1610612747","LAL","26","35","10","0.082","4","13","0.308","0.346","0.051","3","8","0.375","0.032","1","5","0.2"
"330","1629643","Chuma Okeke","1610612753","ORL","25","43","12","0.119","4","13","0.308","0.385","0.018","2","2","1","0.101","2","11","0.182"
"331","203552","Seth Curry","1610612766","CHA","33","44","11","0.064","3","13","0.231","0.231","0.03","3","6","0.5","0.034","0","7","0"
"332","202722","Davis Bertans","1610612766","CHA","31","35","10","0.076","1","13","0.077","0.115","0.012","0","2","0","0.064","1","11","0.091"
"333","1631121","Bryce McGowens","1610612766","CHA","21","53","9","0.061","7","12","0.583","0.625","0.035","6","7","0.857","0.025","1","5","0.2"
"334","1631218","Trayce Jackson-Davis","1610612744","GSW","24","59","9","0.044","7","12","0.583","0.583","0.04","7","11","0.636","0.004","0","1","0"
"335","202330","Gordon Hayward","1610612760","OKC","34","45","11","0.032","4","12","0.333","0.333","0.024","4","9","0.444","0.008","0","3","0"
"336","1629726","Garrison Mathews","1610612737","ATL","27","58","11","0.069","3","12","0.25","0.375","0","0","0",NA,"0.069","3","12","0.25"
"337","1641716","Jarace Walker","1610612754","IND","20","30","7","0.119","3","12","0.25","0.333","0.05","1","5","0.2","0.069","2","7","0.286"
"338","1628420","Monte Morris","1610612750","MIN","28","25","9","0.099","2","12","0.167","0.208","0.017","1","2","0.5","0.083","1","10","0.1"
"339","1630231","KJ Martin","1610612755","PHI","23","56","10","0.075","2","12","0.167","0.167","0.056","2","9","0.222","0.019","0","3","0"
"340","1630204","Ashton Hagans","1610612757","POR","24","16","7","0.19","2","12","0.167","0.208","0.095","1","6","0.167","0.095","1","6","0.167"
"341","1630177","Theo Maledon","1610612756","PHX","22","17","6","0.171","1","12","0.083","0.083","0.057","1","4","0.25","0.114","0","8","0"
"342","1629670","Jordan Nwora","1610612761","TOR","25","44","10","0.044","6","11","0.545","0.636","0.028","4","7","0.571","0.016","2","4","0.5"
"343","1641767","Ben Sheppard","1610612754","IND","22","50","10","0.06","5","11","0.455","0.636","0.011","1","2","0.5","0.049","4","9","0.444"
"344","1628995","Kevin Knox II","1610612765","DET","24","31","8","0.059","5","11","0.455","0.591","0.032","2","6","0.333","0.027","3","5","0.6"
"345","203200","Justin Holiday","1610612743","DEN","34","50","10","0.067","4","11","0.364","0.455","0.024","2","4","0.5","0.042","2","7","0.286"
"346","1631207","Dalen Terry","1610612741","CHI","21","51","10","0.094","4","11","0.364","0.455","0.043","2","5","0.4","0.051","2","6","0.333"
"347","203926","Doug McDermott","1610612754","IND","32","58","9","0.042","4","11","0.364","0.545","0.004","0","1","0","0.039","4","10","0.4"
"348","1629626","Bol Bol","1610612756","PHX","24","34","9","0.088","4","11","0.364","0.409","0.04","3","5","0.6","0.048","1","6","0.167"
"349","202083","Wesley Matthews","1610612737","ATL","37","33","10","0.118","3","11","0.273","0.364","0.043","1","4","0.25","0.075","2","7","0.286"
"350","201565","Derrick Rose","1610612763","MEM","35","24","8","0.067","3","11","0.273","0.273","0.061","3","10","0.3","0.006","0","1","0"
"351","1630346","Matt Ryan","1610612740","NOP","26","24","10","0.098","3","11","0.273","0.409","0.036","0","4","0","0.063","3","7","0.429"
"352","1627863","Danuel House Jr.","1610612755","PHI","30","34","10","0.105","1","11","0.091","0.091","0.029","1","3","0.333","0.076","0","8","0"
"353","1631107","Nikola Jovic","1610612748","MIA","20","37","10","0.053","1","11","0.091","0.091","0.024","1","5","0.2","0.029","0","6","0"
"354","1641738","Kobe Brown","1610612746","LAC","24","37","8","0.161","5","10","0.5","0.55","0.081","4","5","0.8","0.081","1","5","0.2"
"355","1631115","Orlando Robinson","1610612748","MIA","23","33","8","0.139","5","10","0.5","0.55","0.111","4","8","0.5","0.028","1","2","0.5"
"356","1630264","Anthony Gill","1610612764","WAS","31","44","10","0.096","4","10","0.4","0.45","0.077","3","8","0.375","0.019","1","2","0.5"
"357","201152","Thaddeus Young","1610612756","PHX","35","29","7","0.097","4","10","0.4","0.4","0.078","4","8","0.5","0.019","0","2","0"
"358","1630577","Julian Champagnie","1610612759","SAS","22","66","7","0.03","3","10","0.3","0.4","0.009","1","3","0.333","0.021","2","7","0.286"
"359","1631172","Ousmane Dieng","1610612760","OKC","20","31","7","0.096","3","10","0.3","0.35","0.038","2","4","0.5","0.058","1","6","0.167"
"360","1629052","Oshae Brissett","1610612738","BOS","25","48","7","0.077","3","10","0.3","0.3","0.054","3","7","0.429","0.023","0","3","0"
"361","202709","Cory Joseph","1610612744","GSW","32","26","8","0.161","2","10","0.2","0.3","0.032","0","2","0","0.129","2","8","0.25"
"362","1641726","Dereck Lively II","1610612742","DAL","20","55","9","0.03","7","9","0.778","0.778","0.03","7","9","0.778","0","0","0",NA
"363","1627788","Furkan Korkmaz","1610612755","PHI","26","35","8","0.118","5","9","0.556","0.667","0.066","3","5","0.6","0.053","2","4","0.5"
"364","201599","DeAndre Jordan","1610612743","DEN","35","33","8","0.098","5","9","0.556","0.556","0.098","5","9","0.556","0","0","0",NA
"365","1630235","Trent Forrest","1610612737","ATL","25","36","9","0.106","4","9","0.444","0.444","0.071","4","6","0.667","0.035","0","3","0"
"366","1630572","Sandro Mamukelashvili","1610612759","SAS","24","38","9","0.102","4","9","0.444","0.444","0.057","4","5","0.8","0.045","0","4","0"
"367","202687","Bismack Biyombo","1610612760","OKC","31","37","9","0.073","4","9","0.444","0.444","0.073","4","9","0.444","0","0","0",NA
"368","1630192","Zeke Nnaji","1610612743","DEN","23","51","7","0.068","3","9","0.333","0.389","0.053","2","7","0.286","0.015","1","2","0.5"
"369","1641748","Andre Jackson Jr.","1610612749","MIL","22","50","8","0.101","3","9","0.333","0.389","0.056","2","5","0.4","0.045","1","4","0.25"
"370","1626158","Richaun Holmes","1610612764","WAS","30","40","9","0.061","3","9","0.333","0.333","0.054","3","8","0.375","0.007","0","1","0"
"371","1629642","Nassir Little","1610612756","PHX","24","40","7","0.078","3","9","0.333","0.333","0.043","3","5","0.6","0.034","0","4","0"
"372","1630527","Brandon Boston Jr.","1610612746","LAC","22","26","8","0.096","3","9","0.333","0.444","0.043","1","4","0.25","0.053","2","5","0.4"
"373","203496","Robert Covington","1610612755","PHI","33","29","7","0.092","3","9","0.333","0.389","0.051","2","5","0.4","0.041","1","4","0.25"
"374","1628981","Bruno Fernando","1610612737","ATL","25","37","9","0.063","2","9","0.222","0.222","0.056","2","8","0.25","0.007","0","1","0"
"375","1629139","Yuta Watanabe","1610612763","MEM","29","33","8","0.08","2","9","0.222","0.333","0.009","0","1","0","0.071","2","8","0.25"
"376","1631124","Julian Strawther","1610612743","DEN","21","43","8","0.043","1","9","0.111","0.167","0.014","0","3","0","0.029","1","6","0.167"
"377","1631116","Patrick Baldwin Jr.","1610612764","WAS","21","32","7","0.086","1","9","0.111","0.167","0.038","0","4","0","0.048","1","5","0.2"
"378","1630556","Kessler Edwards","1610612758","SAC","23","48","7","0.113","3","8","0.375","0.438","0.07","2","5","0.4","0.042","1","3","0.333"
"379","1631288","Jamal Cain","1610612748","MIA","25","21","5","0.103","2","8","0.25","0.313","0.077","1","6","0.167","0.026","1","2","0.5"
"380","1629637","Jaxson Hayes","1610612747","LAL","23","62","8","0.054","2","8","0.25","0.25","0.041","2","6","0.333","0.014","0","2","0"
"381","1629020","Jarred Vanderbilt","1610612747","LAL","24","28","5","0.067","2","7","0.286","0.286","0.038","2","4","0.5","0.029","0","3","0"
"382","1629667","Jalen McDaniels","1610612761","TOR","26","42","7","0.048","2","7","0.286","0.286","0.027","2","4","0.5","0.02","0","3","0"
"383","1630590","Scotty Pippen Jr.","1610612763","MEM","23","13","5","0.067","2","7","0.286","0.357","0.038","1","4","0.25","0.029","1","3","0.333"
"384","1628418","Thomas Bryant","1610612748","MIA","26","36","6","0.053","2","7","0.286","0.357","0.03","1","4","0.25","0.023","1","3","0.333"
"385","1629650","Moses Brown","1610612757","POR","24","19","7","0.137","2","7","0.286","0.286","0.137","2","7","0.286","0","0","0",NA
"386","1630249","Vit Krejci","1610612737","ATL","23","14","6","0.109","2","7","0.286","0.286","0.031","2","2","1","0.078","0","5","0"
"387","1630322","Lindy Waters III","1610612760","OKC","26","31","7","0.101","2","7","0.286","0.429","0.029","0","2","0","0.072","2","5","0.4"
"388","201988","Patty Mills","1610612748","MIA","35","30","5","0.056","1","7","0.143","0.214","0.008","0","1","0","0.048","1","6","0.167"
"389","1630647","Eugene Omoruyi","1610612764","WAS","27","36","5","0.06","1","7","0.143","0.214","0.034","0","4","0","0.026","1","3","0.333"
"390","1630587","Isaiah Livers","1610612764","WAS","25","23","6","0.061","0","7","0","0","0.018","0","2","0","0.044","0","5","0"
"391","1629111","Jock Landale","1610612745","HOU","28","48","7","0.046","0","7","0","0","0.046","0","7","0","0","0","0",NA
"392","1641787","Tosan Evbuomwan","1610612765","DET","23","14","6","0.107","5","6","0.833","0.917","0.089","4","5","0.8","0.018","1","1","1"
"393","1641712","Rayan Rupert","1610612757","POR","19","30","5","0.065","4","6","0.667","0.833","0.043","2","4","0.5","0.022","2","2","1"
"394","1641763","Julian Phillips","1610612741","CHI","20","39","4","0.079","4","6","0.667","0.75","0.053","3","4","0.75","0.026","1","2","0.5"
"395","1641720","Jalen Hood-Schifino","1610612747","LAL","20","20","4","0.143","3","6","0.5","0.583","0.095","2","4","0.5","0.048","1","2","0.5"
"396","1630568","Luka Garza","1610612750","MIN","25","20","5","0.105","3","6","0.5","0.5","0.07","3","4","0.75","0.035","0","2","0"
"397","1641732","Colby Jones","1610612758","SAC","21","23","5","0.111","2","6","0.333","0.333","0.093","2","5","0.4","0.019","0","1","0"
"398","1630197","Aleksej Pokusevski","1610612766","CHA","22","19","5","0.087","2","6","0.333","0.333","0.058","2","4","0.5","0.029","0","2","0"
"399","1631241","Javon Freeman-Liberty","1610612761","TOR","24","13","4","0.088","2","6","0.333","0.333","0.044","2","3","0.667","0.044","0","3","0"
"400","1630184","Kira Lewis Jr.","1610612762","UTA","22","24","6","0.087","1","6","0.167","0.167","0.043","1","3","0.333","0.043","0","3","0"
"401","1631109","Mark Williams","1610612766","CHA","22","19","4","0.033","4","5","0.8","0.8","0.033","4","5","0.8","0","0","0",NA
"402","1630639","A.J. Lawson","1610612742","DAL","23","35","5","0.052","4","5","0.8","0.9","0.041","3","4","0.75","0.01","1","1","1"
"403","1630649","Stanley Umude","1610612765","DET","24","23","4","0.063","4","5","0.8","1.2","0","0","0",NA,"0.063","4","5","0.8"
"404","1630579","Jericho Sims","1610612752","NYK","25","43","3","0.1","4","5","0.8","0.8","0.1","4","5","0.8","0","0","0",NA
"405","1629677","Luka Samanic","1610612762","UTA","24","35","4","0.056","3","5","0.6","0.8","0.034","1","3","0.333","0.022","2","2","1"
"406","1630696","Dru Smith","1610612748","MIA","26","9","4","0.152","3","5","0.6","0.7","0.091","2","3","0.667","0.061","1","2","0.5"
"407","203486","Mason Plumlee","1610612746","LAC","34","39","5","0.041","3","5","0.6","0.6","0.041","3","5","0.6","0","0","0",NA
"408","1630209","Omer Yurtseven","1610612762","UTA","25","40","5","0.042","3","5","0.6","0.7","0.034","2","4","0.5","0.008","1","1","1"
"409","203925","Joe Harris","1610612765","DET","32","16","4","0.128","3","5","0.6","0.7","0.051","2","2","1","0.077","1","3","0.333"
"410","1630547","James Bouknight","1610612766","CHA","23","14","4","0.122","3","5","0.6","0.9","0","0","0",NA,"0.122","3","5","0.6"
"411","1629674","Neemias Queta","1610612738","BOS","24","26","5","0.06","3","5","0.6","0.6","0.06","3","5","0.6","0","0","0",NA
"412","1641730","Noah Clowney","1610612751","BKN","19","16","5","0.125","2","5","0.4","0.4","0.1","2","4","0.5","0.025","0","1","0"
"413","1631197","Jared Rhoden","1610612765","DET","24","10","4","0.2","2","5","0.4","0.5","0.08","1","2","0.5","0.12","1","3","0.333"
"414","1630243","Trevelin Queen","1610612753","ORL","27","13","5","0.132","2","5","0.4","0.4","0.079","2","3","0.667","0.053","0","2","0"
"415","1629618","Jalen Pickett","1610612743","DEN","24","23","3","0.152","2","5","0.4","0.6","0","0","0",NA,"0.152","2","5","0.4"
"416","1631221","Collin Gillespie","1610612743","DEN","24","24","3","0.072","2","5","0.4","0.5","0.014","1","1","1","0.058","1","4","0.25"
"417","1630548","Johnny Juzang","1610612762","UTA","23","13","4","0.079","2","5","0.4","0.4","0.032","2","2","1","0.048","0","3","0"
"418","1631230","Dominick Barlow","1610612759","SAS","20","32","5","0.049","2","5","0.4","0.4","0.039","2","4","0.5","0.01","0","1","0"
"419","1629007","Jontay Porter","1610612761","TOR","24","25","5","0.048","2","5","0.4","0.4","0.038","2","4","0.5","0.01","0","1","0"
"420","1629004","Svi Mykhailiuk","1610612738","BOS","26","33","5","0.052","1","5","0.2","0.3","0.01","0","1","0","0.041","1","4","0.25"
"421","1629117","Wenyen Gabriel","1610612763","MEM","27","5","3","0.227","1","5","0.2","0.3","0.136","0","3","0","0.091","1","2","0.5"
"422","1641778","Leaky Black","1610612766","CHA","24","22","4","0.128","1","5","0.2","0.3","0.103","0","4","0","0.026","1","1","1"
"423","1631123","Jamaree Bouyea","1610612759","SAS","24","6","4","0.238","1","5","0.2","0.2","0.048","1","1","1","0.19","0","4","0"
"424","1629010","Jerome Robinson","1610612744","GSW","27","18","5","0.172","1","5","0.2","0.2","0.069","1","2","0.5","0.103","0","3","0"
"425","1630610","DeJon Jarreau","1610612763","MEM","26","9","3","0.1","0","5","0","0","0.08","0","4","0","0.02","0","1","0"
"426","1628962","Udoka Azubuike","1610612756","PHX","24","14","2","0.182","4","4","1","1","0.182","4","4","1","0","0","0",NA
"427","1627745","Damian Jones","1610612739","CLE","28","34","4","0.062","3","4","0.75","0.75","0.046","3","3","1","0.015","0","1","0"
"428","1630207","Nate Hinton","1610612745","HOU","24","11","3","0.2","2","4","0.5","0.75","0","0","0",NA,"0.2","2","4","0.5"
"429","1630526","Jeremiah Robinson-Earl","1610612740","NOP","23","32","4","0.048","2","4","0.5","0.5","0.036","2","3","0.667","0.012","0","1","0"
"430","1641765","Olivier-Maxence Prosper","1610612742","DAL","21","35","4","0.053","2","4","0.5","0.75","0.013","0","1","0","0.04","2","3","0.667"
"431","203469","Cody Zeller","1610612740","NOP","31","39","4","0.068","2","4","0.5","0.5","0.068","2","4","0.5","0","0","0",NA
"432","203458","Alex Len","1610612758","SAC","30","40","4","0.055","2","4","0.5","0.5","0.041","2","3","0.667","0.014","0","1","0"
"433","1641724","Jett Howard","1610612753","ORL","20","14","4","0.174","1","4","0.25","0.375","0","0","0",NA,"0.174","1","4","0.25"
"434","1630551","Justin Champagnie","1610612764","WAS","22","10","3","0.08","1","4","0.25","0.375","0","0","0",NA,"0.08","1","4","0.25"
"435","1630240","Saben Lee","1610612756","PHX","24","19","4","0.08","1","4","0.25","0.25","0.06","1","3","0.333","0.02","0","1","0"
"436","200782","P.J. Tucker","1610612746","LAC","38","25","3","0.103","1","4","0.25","0.375","0","0","0",NA,"0.103","1","4","0.25"
"437","1631169","Josh Minott","1610612750","MIN","21","26","3","0.148","1","4","0.25","0.375","0.074","0","2","0","0.074","1","2","0.5"
"438","1629875","Xavier Moon","1610612746","LAC","29","9","4","0.286","1","4","0.25","0.25","0.143","1","2","0.5","0.143","0","2","0"
"439","1630186","Jahmi'us Ramsey","1610612761","TOR","22","7","3","0.098","1","4","0.25","0.25","0.049","1","2","0.5","0.049","0","2","0"
"440","1630562","Matt Hurt","1610612763","MEM","23","8","3","0.118","0","4","0","0","0","0","0",NA,"0.118","0","4","0"
"441","1630641","Ibou Badji","1610612757","POR","21","21","3","0.15","3","3","1","1","0.15","3","3","1","0","0","0",NA
"442","203939","Dwight Powell","1610612742","DAL","32","57","3","0.031","3","3","1","1","0.031","3","3","1","0","0","0",NA
"443","1631217","Moussa Diabate","1610612746","LAC","22","11","3","0.158","2","3","0.667","0.667","0.158","2","3","0.667","0","0","0",NA
"444","1630695","Micah Potter","1610612762","UTA","25","12","2","0.143","2","3","0.667","0.833","0.095","1","2","0.5","0.048","1","1","1"
"445","1641735","Amari Bailey","1610612766","CHA","20","8","3","0.25","2","3","0.667","0.667","0.167","2","2","1","0.083","0","1","0"
"446","1629610","DaQuan Jeffries","1610612752","NYK","26","16","3","0.188","2","3","0.667","0.667","0.125","2","2","1","0.063","0","1","0"
"447","1630611","Gui Santos","1610612744","GSW","21","19","1","0.068","2","3","0.667","0.667","0.068","2","3","0.667","0","0","0",NA
"448","1628984","Devonte' Graham","1610612759","SAS","29","15","2","0.073","2","3","0.667","0.833","0.024","1","1","1","0.049","1","2","0.5"
"449","202066","Garrett Temple","1610612761","TOR","37","21","3","0.077","1","3","0.333","0.5","0.026","0","1","0","0.051","1","2","0.5"
"450","1641877","Nathan Mensah","1610612766","CHA","25","25","3","0.107","1","3","0.333","0.333","0.107","1","3","0.333","0","0","0",NA
"451","1641753","Chris Livingston","1610612749","MIL","20","17","3","0.167","1","3","0.333","0.333","0.111","1","2","0.5","0.056","0","1","0"
"452","1629669","Jaylen Nowell","1610612763","MEM","24","9","2","0.055","1","3","0.333","0.333","0.036","1","2","0.5","0.018","0","1","0"
"453","1630553","Keon Johnson","1610612751","BKN","22","4","3","0.158","1","3","0.333","0.333","0.158","1","3","0.333","0","0","0",NA
"454","1631303","Justin Minaya","1610612757","POR","25","28","3","0.073","1","3","0.333","0.333","0.024","1","1","1","0.049","0","2","0"
"455","1631131","Oscar Tshiebwe","1610612754","IND","24","8","1","0.15","1","3","0.333","0.333","0.15","1","3","0.333","0","0","0",NA
"456","1631098","Johnny Davis","1610612764","WAS","22","44","3","0.023","0","3","0","0","0.015","0","2","0","0.008","0","1","0"
"457","1631338","Mouhamadou Gueye","1610612761","TOR","25","8","3","0.15","0","3","0","0","0.1","0","2","0","0.05","0","1","0"
"458","202693","Markieff Morris","1610612742","DAL","34","21","3","0.058","0","3","0","0","0.038","0","2","0","0.019","0","1","0"
"459","1630688","Ish Wainright","1610612756","PHX","29","10","2","0.125","0","3","0","0","0.042","0","1","0","0.083","0","2","0"
"460","1631100","AJ Griffin","1610612737","ATL","20","18","1","0.067","0","3","0","0","0.044","0","2","0","0.022","0","1","0"
"461","1630288","Jeff Dowtin Jr.","1610612755","PHI","26","7","2","0.15","0","3","0","0","0.05","0","1","0","0.1","0","2","0"
"462","1630846","Olivier Sarr","1610612760","OKC","25","14","2","0.105","2","2","1","1.25","0.053","1","1","1","0.053","1","1","1"
"463","1631157","Ryan Rollins","1610612749","MIL","21","10","2","0.08","2","2","1","1.5","0","0","0",NA,"0.08","2","2","1"
"464","1630227","Daishen Nix","1610612750","MIN","22","12","2","0.1","1","2","0.5","0.75","0","0","0",NA,"0.1","1","2","0.5"
"465","201949","James Johnson","1610612754","IND","37","8","2","0.222","1","2","0.5","0.5","0.222","1","2","0.5","0","0","0",NA
"466","203493","Reggie Bullock Jr.","1610612745","HOU","33","36","2","0.028","1","2","0.5","0.75","0.014","0","1","0","0.014","1","1","1"
"467","1630314","Brandon Williams","1610612742","DAL","24","12","2","0.091","1","2","0.5","0.5","0.091","1","2","0.5","0","0","0",NA
"468","201577","Robin Lopez","1610612749","MIL","36","16","2","0.105","1","2","0.5","0.5","0.105","1","2","0.5","0","0","0",NA
"469","1641771","Jalen Slawson","1610612758","SAC","24","9","2","0.4","1","2","0.5","0.5","0.2","1","1","1","0.2","0","1","0"
"470","1631306","Cole Swider","1610612748","MIA","24","14","2","0.061","1","2","0.5","0.5","0.061","1","2","0.5","0","0","0",NA
"471","1628424","Kobi Simmons","1610612761","TOR","26","3","2","0.111","1","2","0.5","0.5","0.056","1","1","1","0.056","0","1","0"
"472","1641723","Kobe Bufkin","1610612737","ATL","20","9","2","0.054","1","2","0.5","0.75","0","0","0",NA,"0.054","1","2","0.5"
"473","203648","Thanasis Antetokounmpo","1610612749","MIL","31","29","2","0.077","1","2","0.5","0.5","0.038","1","1","1","0.038","0","1","0"
"474","203933","T.J. Warren","1610612750","MIN","30","8","2","0.061","1","2","0.5","0.75","0.03","0","1","0","0.03","1","1","1"
"475","1630259","Jordan Ford","1610612758","SAC","25","6","2","0.286","1","2","0.5","0.5","0.143","1","1","1","0.143","0","1","0"
"476","1630600","Isaiah Mobley","1610612739","CLE","24","6","2","0.154","1","2","0.5","0.75","0","0","0",NA,"0.154","1","2","0.5"
"477","1629717","Armoni Brooks","1610612751","BKN","25","10","2","0.044","1","2","0.5","0.75","0.022","0","1","0","0.022","1","1","1"
"478","1630181","R.J. Hampton","1610612748","MIA","23","7","2","0.143","0","2","0","0","0.071","0","1","0","0.071","0","1","0"
"479","1631254","Kenneth Lofton Jr.","1610612762","UTA","21","17","2","0.049","0","2","0","0","0.049","0","2","0","0","0","0",NA
"480","1631220","Dereon Seabron","1610612740","NOP","23","6","2","0.154","0","2","0","0","0.154","0","2","0","0","0","0",NA
"481","1629646","Charles Bassey","1610612759","SAS","23","19","2","0.051","0","2","0","0","0.026","0","1","0","0.026","0","1","0"
"482","1629660","Ty Jerome","1610612739","CLE","26","2","1","0.25","1","1","1","1","0.25","1","1","1","0","0","0",NA
"483","1631262","Jules Bernard","1610612764","WAS","24","15","1","0.02","1","1","1","1","0.02","1","1","1","0","0","0",NA
"484","1629750","Javonte Green","1610612741","CHI","30","3","1","0.091","1","1","1","1.5","0","0","0",NA,"0.091","1","1","1"
"485","1629011","Mitchell Robinson","1610612752","NYK","26","23","1","0.009","1","1","1","1","0.009","1","1","1","0","0","0",NA
"486","1629057","Robert Williams III","1610612757","POR","26","6","1","0.038","1","1","1","1","0.038","1","1","1","0","0","0",NA
"487","1627732","Ben Simmons","1610612751","BKN","27","15","1","0.014","1","1","1","1","0.014","1","1","1","0","0","0",NA
"488","201959","Taj Gibson","1610612765","DET","38","17","1","0.045","1","1","1","1","0.045","1","1","1","0","0","0",NA
"489","1641926","Dexter Dennis","1610612742","DAL","25","4","1","0.059","1","1","1","1","0.059","1","1","1","0","0","0",NA
"490","1627885","Shaquille Harrison","1610612763","MEM","30","3","1","0.5","1","1","1","1","0.5","1","1","1","0","0","0",NA
"491","1630554","Jason Preston","1610612762","UTA","24","4","1","0.167","1","1","1","1","0.167","1","1","1","0","0","0",NA
"492","1628391","D.J. Wilson","1610612755","PHI","28","2","1","0.167","1","1","1","1","0.167","1","1","1","0","0","0",NA
"493","1630658","Colin Castleton","1610612747","LAL","23","10","1","0.091","1","1","1","1","0.091","1","1","1","0","0","0",NA
"494","1641970","Maozinha Pereira","1610612763","MEM","23","5","1","0.063","0","1","0","0","0","0","0",NA,"0.063","0","1","0"
"495","1631205","Buddy Boeheim","1610612765","DET","24","5","1","0.05","0","1","0","0","0","0","0",NA,"0.05","0","1","0"
"496","1630604","E.J. Liddell","1610612740","NOP","23","8","1","0.167","0","1","0","0","0","0","0",NA,"0.167","0","1","0"
"497","1628385","Harry Giles III","1610612747","LAL","25","22","1","0.021","0","1","0","0","0.021","0","1","0","0","0","0",NA
"498","1629678","Admiral Schofield","1610612753","ORL","27","21","1","0.042","0","1","0","0","0","0","0",NA,"0.042","0","1","0"
"499","1641816","Hunter Tyson","1610612743","DEN","23","13","1","0.063","0","1","0","0","0","0","0",NA,"0.063","0","1","0"
"500","1629718","Charlie Brown Jr.","1610612752","NYK","27","8","1","0.1","0","1","0","0","0","0","0",NA,"0.1","0","1","0"
"501","1626246","Boban Marjanovic","1610612745","HOU","35","12","1","0.048","0","1","0","0","0.048","0","1","0","0","0","0",NA
"502","1627853","Ryan Arcidiacono","1610612752","NYK","30","20","1","0.2","0","1","0","0","0","0","0",NA,"0.2","0","1","0"
"503","1631250","Pete Nance","1610612739","CLE","24","4","1","0.5","0","1","0","0","0.5","0","1","0","0","0","0",NA
"504","1630618","D.J. Carton","1610612761","TOR","23","4","1","0.125","0","1","0","0","0.125","0","1","0","0","0","0",NA
"505","1629216","Gabe Vincent","1610612747","LAL","27","6","1","0.028","0","1","0","0","0","0","0",NA,"0.028","0","1","0"
"506","1631376","Dmytro Skapintsev","1610612752","NYK","25","2","1","1","0","1","0","0","1","0","1","0","0","0","0",NA
"507","1629232","Kaiser Gates","1610612740","NOP","27","1","1","0.25","0","1","0","0","0.25","0","1","0","0","0","0",NA
"508","1641757","Jordan Miller","1610612746","LAC","24","7","1","0.111","0","1","0","0","0.111","0","1","0","0","0","0",NA
"509","203490","Otto Porter Jr.","1610612761","TOR","30","15","1","0.03","0","1","0","0","0.03","0","1","0","0","0","0",NA
"510","1630563","Joshua Primo","1610612746","LAC","21","2","1","1","0","1","0","0","1","0","1","0","0","0","0",NA
"511","201980","Danny Green","1610612755","PHI","36","2","1","0.5","0","1","0","0","0.5","0","1","0","0","0","0",NA
"512","1641734","Emoni Bates","1610612739","CLE","20","13","1","0.027","0","1","0","0","0.027","0","1","0","0","0","0",NA
"513","202738","Isaiah Thomas","1610612756","PHX","35","2","1","0.2","0","1","0","0","0.2","0","1","0","0","0","0",NA
"514","1630678","Terry Taylor","1610612741","CHI","24","29","1","0.027","0","1","0","0","0","0","0",NA,"0.027","0","1","0"
